数据主题,类型,名称,字段名,描述,可过滤,可排序,过滤可选值数量,排除维度数量,排除指标数量,备注
BASIC_DATA,维度,时间-小时,stat_time_hour,细分到每个小时的数据,否,是,,7,9,
BASIC_DATA,维度,时间-天,stat_time_day,细分到自然天的数据,否,是,,0,0,
BASIC_DATA,维度,时间-周,stat_time_week,细分到自然周的数据，周一到周日为一整周,否,是,,0,0,
BASIC_DATA,维度,时间-月,stat_time_month,细分到自然月的数据，例如2022-3，表示是3月1日到3月31日,否,是,,0,0,
BASIC_DATA,维度,项目ID,cdp_project_id,项目ID,是,是,,0,0,
BASIC_DATA,维度,项目名称,cdp_project_name,项目的名称,是,否,,0,0,
BASIC_DATA,维度,项目类型,campaign_type,对应项目的类型,是,是,3,0,0,
BASIC_DATA,维度,营销目的,landing_type,营销目的,是,是,17,0,0,
BASIC_DATA,维度,转化目标,external_action,对应项目的转化目标,是,是,158,0,0,
BASIC_DATA,维度,计费类型,pricing,对应项目的计费类型,是,是,11,0,3,
BASIC_DATA,维度,深度转化目标,deep_external_action,对应项目的深度转化目标,是,是,41,0,6,
BASIC_DATA,维度,下载方式,ad_platform_cdp_project_download_type,在项目中设置的下载方式,否,否,,0,0,
BASIC_DATA,维度,下载链接,ad_platform_cdp_project_download_url,在项目中设置的下载链接,否,否,,0,0,
BASIC_DATA,维度,转化监测地址,ad_platform_cdp_project_action_track_url,在项目中设置的监测链接,否,否,,0,0,
BASIC_DATA,维度,投放模式,delivery_mode,投放模式,是,是,3,0,6,
BASIC_DATA,维度,营销场景,cdp_marketing_goal,营销场景仅支持2023年4月15日之后的数据。,是,是,2,0,6,
BASIC_DATA,维度,是否搜索蓝海流量项目,is_search_blue_flow_package,是否搜索蓝海流量项目,是,否,2,0,6,
BASIC_DATA,维度,关键行为名称,game_addiction_name,关键行为名称指客户在优化关键行为时，选择的自定义行为事件。,否,否,,7,87,
BASIC_DATA,维度,线索多载体优选,multi_asset_switch,可查看开启线索多载体优选项目的数据,否,否,,7,13,
BASIC_DATA,维度,单元ID,cdp_promotion_id,单元ID,是,是,,0,0,
BASIC_DATA,维度,单元名称,cdp_promotion_name,对应单元的名称,是,否,,0,0,
BASIC_DATA,维度,单元出价,ad_platform_cdp_promotion_bid,在单元中设置的出价,否,否,,0,0,
BASIC_DATA,维度,深度转化出价,ad_platform_cdp_promotion_deep_cpa_bid,在单元中设置的深度转化出价,否,否,,0,0,
BASIC_DATA,维度,ROI系数,ad_platform_cdp_promotion_roi_goal,在单元中设置的ROI系数,否,否,,0,0,
BASIC_DATA,维度,是否原生营销,native_type,是否原生营销,是,是,3,0,6,
BASIC_DATA,维度,抖音号,aweme_id,单元中，您所选投放的抖音号,是,否,,0,3,
BASIC_DATA,维度,抖音昵称,aweme_nick_name,单元中，您所选投放的抖音昵称,否,否,,0,3,
BASIC_DATA,维度,首选位置,app_code,您所投放的单元数据中，对应的首选投放版位,是,是,11,0,9,
BASIC_DATA,维度,包名,package_name,您在项目中设置的应用包包名,是,是,,0,6,
BASIC_DATA,维度,性别,gender,您所投放的单元数据中，对应的用户性别。无法识别的性别数据会显示为“其他”,是,是,5,6,266,
BASIC_DATA,维度,年龄,age,您所投放的单元数据中，对应的用户年龄。无法识别的年龄数据会显示为“其他”,是,是,8,6,266,
BASIC_DATA,维度,年龄（细分）,age_v2,您所投放的单元数据中，对应的用户细分年龄。无法识别的年龄数据会显示为“其他”。年龄细分仅支持2023年3月28日之后的数据。,是,是,11,6,266,
BASIC_DATA,维度,网络,ac,您所投放的单元数据中，对应的用户网络环境。无法识别的网络数据会显示为“其他”,是,是,6,6,266,
BASIC_DATA,维度,平台,platform,您所投放的单元数据，对应的操作系统平台，无法识别的操作系统会显示为“其他”,是,是,6,6,266,
BASIC_DATA,维度,省份,province_name,您所投放的单元数据，对应的用户省份信息,是,是,36,9,266,
BASIC_DATA,维度,城市,city_name,您所投放的单元数据，对应的用户城市信息,是,是,,9,266,
BASIC_DATA,维度,素材类型,image_mode,对应的素材类型，包括标题、大图横图、竖版视频等,是,是,17,0,17,
BASIC_DATA,维度,直播素材形式,cdp_promotion_live_type,,否,是,,0,0,
BASIC_DATA,指标,消耗(元),stat_cost,表示单元在投放期内的预估花费金额。当天数据可能会有波动，次日稳定,,,,0,0,
BASIC_DATA,指标,展示数,show_cnt,单元展示给用户的次数。计算方式：经平台判定有效且被计费的展示次数。,,,,0,0,
BASIC_DATA,指标,平均千次展现费用(元),cpm_platform,单元平均每一千次展现所付出的费用，计算公式是：总消耗/展示数*1000。,,,,0,0,
BASIC_DATA,指标,点击数,click_cnt,当用户点击单元素材时，触发点击事件，该事件被认为是一次有效的单元点击。,,,,0,0,
BASIC_DATA,指标,点击率,ctr,单元被点击的次数占展示次数的百分比。计算方法：点击数/展示数*100%,,,,0,0,
BASIC_DATA,指标,平均点击单价(元),cpc_platform,计算公式是：总消耗/点击数。,,,,0,0,
BASIC_DATA,指标,首位消耗,search_first_position_stat_cost,单元投出在搜索结果页第一位的消耗,,,,8,0,
BASIC_DATA,指标,转化数(计费时间),attribution_convert_cnt,在转化行为发生（或回传）之后，将转化行为回记到过去30天内的扣费（消耗产生）时间上。 例如：单元在8月20日展示给用户，此时单元花费10元，用户点击单元后于8月23日产生1笔购买，则8月23日这笔购买将会展示在8月20日，8月23日没有转化数。,,,,7,0,
BASIC_DATA,指标,转化成本(计费时间),attribution_convert_cost,转化成本(计费时间) = 消耗 / 转化数(计费时间)。例如：单元在8月20日展示给用户，此时单元花费10元，用户点击单元后，于8月23日产生2笔购买，则8月20日的转化成本（计费时间） = 5元（即10元除以2笔）。成本考核和系统赔付以该指标为准。,,,,7,0,
BASIC_DATA,指标,转化率(计费时间) ,attribution_conversion_rate,"所选时间范围内的点击产生转化的概率，归因到计费时间。 
转化率(计费时间) = 转化数（计费时间） / 点击数 ",,,,7,0,
BASIC_DATA,指标,深度转化数(计费时间),attribution_deep_convert_cnt,在转化行为发生（或回传）之后，将转化行为回记到过去30天内的扣费（消耗产生）时间上。 例如：单元在8月20日展示给用户，此时单元花费10元，用户点击单元后于8月23日产生1笔购买，则8月23日这笔购买将会展示在8月20日。,,,,7,0,
BASIC_DATA,指标,深度转化成本(计费时间),attribution_deep_convert_cost,是一个准确的深度转化成本评估指标。计算方式：消耗 / 深度转化数(计费时间)。例如：单元在8月20日展示给用户，此时单元花费10元，用户点击单元后，于 8 月 23 日产生2笔购买，则8月20日的深度转化成本（计费时间） = 5元（即10元除以2笔）。成本考核和系统赔付以该指标为准。,,,,7,0,
BASIC_DATA,指标,深度转化率(计费时间),attribution_deep_convert_rate,深度转化数（计费时间）/转化数（计费时间）*100%,,,,7,0,
BASIC_DATA,指标,预估转化数(计费时间),pre_convert_count,系统根据您所选时间范围内展示的单元所触达的人群，通过算法来预估未来将会产生的总转化数（会将当前尚未转化，但未来可能转化的数据统计进来）。当转化成本偏高时，建议参考预估转化成本。,,,,12,0,
BASIC_DATA,指标,预估转化成本(计费时间),pre_convert_cost,消耗/预估转化数(计费时间),,,,12,0,
BASIC_DATA,指标,预估转化率(计费时间),pre_convert_rate,预估转化数(计费时间)/点击数,,,,12,0,
BASIC_DATA,指标,转化数,convert_cnt,按转化事件发生时间统计的转化数。建议客户考核成本时参考“转化数据(计费时间)”，例如您的单元在早上8点进行了展示和点击，用户晚上19点发生了激活行为，我们会把激活数披露在晚上19点。在线索行业中， 表单提交、私信留资、留资咨询、智能电话-确认拨打所对应的事件都会计入单元转化数。,,,,0,0,
BASIC_DATA,指标,平均转化成本,conversion_cost,计算方式：总消耗/转化数。当天数据可能会有波动。,,,,0,0,
BASIC_DATA,指标,转化率,conversion_rate,单元被用户转化的次数占点击次数的百分比。计算方式：转化数/点击数*100%,,,,0,0,
BASIC_DATA,指标,深度转化数,deep_convert_cnt,将深度转化数记录在转化事件发生的时间上。建议客户考核深度转化成本时参考“深度转化数（计费时间）”例如您投放的内容在早上8点进行了展示和点击，用户晚上19点发生了激活行为，我们会把激活数披露在晚上19点。,,,,0,0,
BASIC_DATA,指标,深度转化成本,deep_convert_cost,计算方法：总消耗/深度转化数。当天数据可能会有波动，次日早8点后稳定。,,,,0,0,
BASIC_DATA,指标,深度转化率,deep_convert_rate,单元被用户进行深度转化的次数占转化次数的百分比。计算方式：深度转化数/转化数*100%,,,,0,0,
BASIC_DATA,指标,安卓下载开始数,click_start_cnt,用户在落地页和应用商店中开始安装包下载进程的次数，仅安卓下载可以监测到该行为,,,,0,0,
BASIC_DATA,指标,安卓下载开始成本,click_start_cost,计算方法：总花费/安卓下载开始数。,,,,0,0,
BASIC_DATA,指标,安卓下载开始率,click_start_rate,计算方法：安卓下载开始数/点击数,,,,0,0,
BASIC_DATA,指标,安卓下载完成数,download_finish_cnt,用户在落地页和应用商店中下载安装包进程完成的次数，仅安卓下载可以监测到该行为,,,,0,0,
BASIC_DATA,指标,安卓下载完成成本,download_finish_cost,计算方式：总花费/安卓下载完成数。,,,,0,0,
BASIC_DATA,指标,安卓下载完成率,download_finish_rate,计算方式：安卓下载完成数/安卓下载开始数,,,,0,0,
BASIC_DATA,指标,安卓安装完成数,install_finish_cnt,用户在落地页中将安装包安装完成的次数，仅安卓下载可以监测到该行为。如果您的计划开启了商店直投，则下载相关行为数据有部分无法被监测到，而安装数据不受影响，因此安装数可能会大于下载数。,,,,0,0,
BASIC_DATA,指标,安卓安装完成成本,install_finish_cost,计算方式：总花费/安卓安装完成数,,,,0,0,
BASIC_DATA,指标,安卓安装完成率,install_finish_rate,计算方式：安卓安装完成数/安卓下载完成数,,,,0,0,
BASIC_DATA,指标,激活数,active,如果您对接了API，激活数是您认可且回传成功的的激活数。如果您对接了SDK，则激活数是指用户下载您的APP后打开的次数。,,,,0,0,
BASIC_DATA,指标,激活成本（元）,active_cost,计算方式：总花费/激活数。,,,,0,0,
BASIC_DATA,指标,激活率,active_rate,计算方式：激活数/点击数*100%,,,,0,0,
BASIC_DATA,指标,注册数,active_register,如果您对接了API，注册数是您认可且回传成功的的注册数。如果您对接了SDK，则注册数是用户实现注册行为的次数,,,,0,0,
BASIC_DATA,指标,注册成本,active_register_cost,计算公式是：总花费/注册数，当天数据可能会有波动，次日早8点后稳定。,,,,0,0,
BASIC_DATA,指标,注册率,active_register_rate,注册用户占激活用户的比例,,,,0,0,
BASIC_DATA,指标,关键行为数,game_addiction,有APP内关键行为的用户数量,,,,0,0,
BASIC_DATA,指标,关键行为成本,game_addiction_cost,计算公式是总花费/关键行为数。当天数据可能会有波动，次日早8点后稳定。,,,,0,0,
BASIC_DATA,指标,关键行为率,game_addiction_rate,关键行为用户占激活用户的比例,,,,0,0,
BASIC_DATA,指标,次留数,attribution_next_day_open_cnt,"当日激活用户在第二天继续登录，则计为一个次留行为。该指标会将收到的次留回传数据，匹配到对应的激活时间上。
例如：8月1日有10个激活，其中5个在8月2日继续登录，则8月1日的次留数为5。",,,,9,0,
BASIC_DATA,指标,次留成本,attribution_next_day_open_cost,次留成本=消耗/次留数,,,,9,0,
BASIC_DATA,指标,次留率,attribution_next_day_open_rate,次留率=次留数/激活数,,,,9,0,
BASIC_DATA,指标,次留回传数,next_day_open,根据您通过api或sdk回传给我们的时间为准，将次留数披露在回传时间。,,,,0,0,
BASIC_DATA,指标,首次付费数,active_pay,用户在应用内首次完成付费的次数,,,,0,0,
BASIC_DATA,指标,首次付费成本,active_pay_cost,用户在应用内首次完成付费的成本，计算方式：消耗/首次付费数。,,,,0,0,
BASIC_DATA,指标,首次付费率,active_pay_rate,计算方式：首次付费数/激活数。,,,,0,0,
BASIC_DATA,指标,付费次数,game_pay_count,当天用户在应用内完成付费的总次数，多次付费会重复计数。,,,,0,0,
BASIC_DATA,指标,付费成本,game_pay_cost,当天用户在应用内完成付费的平均成本，计算方式：消耗/付费次数。,,,,0,0,
BASIC_DATA,指标,7日付费次数(激活时间),attribution_game_pay_7d_count,用户激活应用后的7天内，在应用内完成付费的总次数，并将付费次数披露在每个用户的激活时间上。,,,,9,0,
BASIC_DATA,指标,7日付费成本(激活时间),attribution_game_pay_7d_cost,用户激活应用后的7天内，在应用内完成付费的平均成本，计算方式：消耗/7日付费次数(激活时间)。,,,,9,0,
BASIC_DATA,指标,7日人均付费次数(激活时间),attribution_active_pay_7d_per_count,7天内用户的平均付费次数，计算方式：7日付费次数（激活时间）/7日首次付费数(激活时间)，对首次付费数的统计仅在计划内去重且披露在每个用户的激活时间上。,,,,9,0,
BASIC_DATA,指标,APP内访问,in_app_uv,用户调起APP后到达的次数，一般在DPA单元中使用,,,,0,0,
BASIC_DATA,指标,APP内访问详情页,in_app_detail_uv,用户调起APP后到达指定详情页的次数，一般在DPA单元中使用,,,,0,0,
BASIC_DATA,指标,APP内加入购物车,in_app_cart,用户调起APP后加入购物车的次数，一般在DPA单元中使用,,,,0,0,
BASIC_DATA,指标,APP内付费,in_app_pay,用户调起APP后完成付费的次数，一般在DPA单元中使用,,,,0,0,
BASIC_DATA,指标,APP内下单,in_app_order,用户调起APP后提交订单的次数，一般在DPA单元中使用,,,,0,0,
BASIC_DATA,指标,2日留存数,attribution_retention_2d_cnt,所选时间范围内激活用户在激活后第2天留存的数量,,,,9,0,
BASIC_DATA,指标,2日留存成本,attribution_retention_2d_cost,所选时间范围内激活后第2天仍留存用户的获取成本,,,,9,0,
BASIC_DATA,指标,2日留存率,attribution_retention_2d_rate,当日激活用户在2日内继续登录，则计为一个2日留存。2日留存率=2日留存数/激活数,,,,9,0,
BASIC_DATA,指标,3日留存数,attribution_retention_3d_cnt,所选时间范围内激活用户在激活后第3天留存的数量,,,,9,0,
BASIC_DATA,指标,3日留存成本,attribution_retention_3d_cost,所选时间范围内激活后第3天仍留存用户的获取成本,,,,9,0,
BASIC_DATA,指标,3日留存率,attribution_retention_3d_rate,当日激活用户在3日内继续登录，则计为一个3日留存。3日留存率=3日留存数/激活数,,,,9,0,
BASIC_DATA,指标,4日留存数,attribution_retention_4d_cnt,所选时间范围内激活用户在激活后第4天留存的数量,,,,9,0,
BASIC_DATA,指标,4日留存成本,attribution_retention_4d_cost,所选时间范围内激活后第4天仍留存用户的获取成本,,,,9,0,
BASIC_DATA,指标,4日留存率,attribution_retention_4d_rate,当日激活用户在4日内继续登录，则计为一个4日留存。4日留存率=4日留存数/激活数,,,,9,0,
BASIC_DATA,指标,5日留存数,attribution_retention_5d_cnt,所选时间范围内激活用户在激活后第5天留存的数量,,,,9,0,
BASIC_DATA,指标,5日留存成本,attribution_retention_5d_cost,所选时间范围内激活后第5天仍留存用户的获取成本,,,,9,0,
BASIC_DATA,指标,5日留存率,attribution_retention_5d_rate,当日激活用户在5日内继续登录，则计为一个5日留存。5日留存率=5日留存数/激活数,,,,9,0,
BASIC_DATA,指标,6日留存数,attribution_retention_6d_cnt,所选时间范围内激活用户在激活后第6天留存的数量,,,,9,0,
BASIC_DATA,指标,6日留存成本,attribution_retention_6d_cost,所选时间范围内激活后第6天仍留存用户的获取成本,,,,9,0,
BASIC_DATA,指标,6日留存率,attribution_retention_6d_rate,当日激活用户在6日内继续登录，则计为一个6日留存。6日留存率=6日留存数/激活数,,,,9,0,
BASIC_DATA,指标,7日留存数,attribution_retention_7d_cnt,当日激活用户在7日内继续登录，则计为一个7日留存。,,,,9,0,
BASIC_DATA,指标,7日留存成本,attribution_retention_7d_cost,7日留存成本=消耗/7日留存数,,,,9,0,
BASIC_DATA,指标,7日留存率,attribution_retention_7d_rate,当日激活用户在7日内继续登录，则计为一个7日留存。7日留存率=7日留存数/激活数,,,,9,0,
BASIC_DATA,指标,7日留存总数,attribution_retention_7d_sum_cnt,所选时间范围内激活用户在激活后第1天-第7天留存的总量,,,,9,0,
BASIC_DATA,指标,7日留存总成本,attribution_retention_7d_total_cost,"所选时间范围内激活后7日内留存用户的获取成本。
建议仅查看已完整回传7日内留存数据的指标，否则会导致数值偏高影响投放判断。
留存成本 = 消耗 / 7日内留存天数总量 =  消耗 / （次留量+2留量+3留量+4留量+5留量+6留量+7留量）。",,,,9,0,
BASIC_DATA,指标,7日付费次数(计费时间),attribution_billing_game_pay_7d_count,计费时间后的7天内(含计费当日)，用户在应用内完成付费的总次数，并将付费次数披露在扣费(消耗产生)时间上。,,,,7,0,
BASIC_DATA,指标,7日付费成本(计费时间),attribution_billing_game_pay_7d_cost,计费时间后的7天内(含计费当日)，用户在应用内完成付费的平均成本。计算方式：消耗/7日付费次数(计费时间)。,,,,7,0,
BASIC_DATA,指标,计费当日付费金额,attribution_billing_game_in_app_ltv_1day,所选时间范围内计费对应的用户，计费当日在APP内的付费金额总和。,,,,7,0,
BASIC_DATA,指标,计费二日内付费金额,attribution_billing_game_in_app_ltv_2days,所选时间范围内计费对应的用户，计费二日内(含计费当日)在APP内的付费金额总和。,,,,7,0,
BASIC_DATA,指标,计费三日内付费金额,attribution_billing_game_in_app_ltv_3days,所选时间范围内计费对应的用户，计费三日内(含计费当日)在APP内的付费金额总和。,,,,7,0,
BASIC_DATA,指标,计费四日内付费金额,attribution_billing_game_in_app_ltv_4days,所选时间范围内计费对应的用户，计费四日内(含计费当日)在APP内的付费金额总和。,,,,7,0,
BASIC_DATA,指标,计费五日内付费金额,attribution_billing_game_in_app_ltv_5days,所选时间范围内计费对应的用户，计费五日内(含计费当日)在APP内的付费金额总和。,,,,7,0,
BASIC_DATA,指标,计费六日内付费金额,attribution_billing_game_in_app_ltv_6days,所选时间范围内计费对应的用户，计费六日内(含计费当日)在APP内的付费金额总和。,,,,7,0,
BASIC_DATA,指标,计费七日内付费金额,attribution_billing_game_in_app_ltv_7days,所选时间范围内计费对应的用户，计费七日内(含计费当日)在APP内的付费金额总和。,,,,7,0,
BASIC_DATA,指标,计费当日付费ROI,attribution_billing_game_in_app_roi_1day,所选时间范围内计费对应的用户在计费当日的所有付费ROI，计算方式：计费当日付费金额/消耗。,,,,7,0,
BASIC_DATA,指标,计费二日内付费ROI,attribution_billing_game_in_app_roi_2days,所选时间范围内计费对应的用户在计费二日内(含计费当日)的所有付费ROI，计算方式：计费二日内付费金额/消耗。,,,,7,0,
BASIC_DATA,指标,计费三日内付费ROI,attribution_billing_game_in_app_roi_3days,所选时间范围内计费对应的用户在计费三日内(含计费当日)的所有付费ROI，计算方式：计费三日内付费金额/消耗。,,,,7,0,
BASIC_DATA,指标,计费四日内付费ROI,attribution_billing_game_in_app_roi_4days,所选时间范围内计费对应的用户在计费四日内(含计费当日)的所有付费ROI，计算方式：计费四日内付费金额/消耗。,,,,7,0,
BASIC_DATA,指标,计费五日内付费ROI,attribution_billing_game_in_app_roi_5days,所选时间范围内计费对应的用户在计费五日内(含计费当日)的所有付费ROI，计算方式：计费五日内付费金额/消耗。,,,,7,0,
BASIC_DATA,指标,计费六日内付费ROI,attribution_billing_game_in_app_roi_6days,所选时间范围内计费对应的用户在计费六日内(含计费当日)的所有付费ROI，计算方式：计费六日内付费金额/消耗。,,,,7,0,
BASIC_DATA,指标,计费七日内付费ROI,attribution_billing_game_in_app_roi_7days,所选时间范围内计费对应的用户在计费七日内(含计费当日)的所有付费ROI，计算方式：计费七日内付费金额/消耗。,,,,7,0,
BASIC_DATA,指标,首次付费数(计费时间),attribution_active_pay,首次付费次数是指用户在应用内首次完成付费的次数。计费时间是指在行为发生（或回传）后，将对应的行为回记到过去30天内的扣费（消耗产生）时间上。,,,,7,0,
BASIC_DATA,指标,首次付费成本(计费时间),attribution_active_pay_cost,首次付费成本是指用户在应用内首次完成付费的成本，计算方式：消耗/首次付费数(计费时间)。计费时间是指在行为发生（或回传）后，将对应的行为回记到过去30天内的扣费（消耗产生）时间上。,,,,7,0,
BASIC_DATA,指标,首次付费率(计费时间),attribution_active_pay_rate,首次付费率计算方式：首次付费数/激活数。计费时间是指在行为发生（或回传）后，将对应的行为回记到过去30天内的扣费（消耗产生）时间上。,,,,7,0,
BASIC_DATA,指标,付费金额(回传时间),stat_pay_amount,当您使用 “active_pay”事件回传付费金额时，平台所统计的付费金额总数。数据记录在平台收到回传事件的时间。,,,,7,0,
BASIC_DATA,指标,付费ROI(回传时间),pay_amount_roi,付费金额(回传时间)/消耗,,,,7,0,
BASIC_DATA,指标,行为付费率（计费时间）,attribution_game_addiction_pay_conversion_rate,发生该行为并付费的用户占发生该行为用户数的比例,,,,7,0,
BASIC_DATA,指标,计费后24小时变现ROI,attribution_app_24h_roi,,,,,7,0,
BASIC_DATA,指标,点击安装数,click_install_cnt,用户点击安装完成的次数,,,,7,0,
BASIC_DATA,指标,点击电话按钮,phone,用户点击POI页面的电话按钮的次数,,,,7,0,
BASIC_DATA,指标,表单提交,form,用户在门店落地页多线沟通提交表单的次数,,,,0,0,
BASIC_DATA,指标,附加创意表单提交,form_submit,用户查看创意的附加创意后，提交表单的次数,,,,0,0,
BASIC_DATA,指标,地图搜索,map,用户进行地图搜索的次数,,,,7,0,
BASIC_DATA,指标,按钮button,button,用户点击按钮button的次数,,,,7,0,
BASIC_DATA,指标,关键页面浏览,view,用户在关键页面的浏览次数,,,,7,0,
BASIC_DATA,指标,下载开始,download_start,用户点击下载开始的次数,,,,7,0,
BASIC_DATA,指标,QQ咨询,qq,用户点击QQ咨询按钮的次数,,,,7,0,
BASIC_DATA,指标,抽奖,lottery,用户点击抽奖按钮的次数,,,,7,0,
BASIC_DATA,指标,投票,vote,用户点击投票按钮的次数,,,,7,0,
BASIC_DATA,指标,短信咨询,message,用户点击短信咨询的次数,,,,7,0,
BASIC_DATA,指标,页面跳转,redirect,用户跳转至其他页面的次数,,,,7,0,
BASIC_DATA,指标,商品购买,shopping,用户购买商品的次数,,,,7,0,
BASIC_DATA,指标,在线咨询,consult,用户点击在线咨询按钮的次数,,,,7,0,
BASIC_DATA,指标,有效咨询,consult_effective,用户在门店落地页多线沟通的在线咨询中有效咨询的次数,,,,7,0,
BASIC_DATA,指标,智能电话-确认拨打,phone_confirm,用户点击确认拨打电话按钮的次数,,,,7,0,
BASIC_DATA,指标,智能电话-确认接通,phone_connect,用户在门店落地页点击多线沟通的电话按钮并接通的次数,,,,7,0,
BASIC_DATA,指标,智能电话-有效接通,phone_effective,用户在门店落地页点击多线沟通的电话按钮并有效接通的次数,,,,7,0,
BASIC_DATA,指标,建站卡券领取,coupon,用户点击POI页面卡券领取按钮的次数,,,,7,0,
BASIC_DATA,指标,卡券页领取,coupon_single_page,用户点击卡券页领取按钮的次数,,,,7,0,
BASIC_DATA,指标,调起店铺,redirect_to_shop,用户调起第三方店铺的次数,,,,7,0,
BASIC_DATA,指标,查看店铺地址,poi_address_click,用户点击顶部地图图标区域展开详细地图/点击图片下方地址展开详细地图/点击图片下方地址展开详细地图的次数,,,,7,0,
BASIC_DATA,指标,店铺收藏,poi_collect,用户点击POI页面的收藏按钮的次数,,,,7,0,
BASIC_DATA,指标,有效获客,customer_effective,有效获客是指用户完成了有价值动作的次数，其中动作支持您自定义。例如：您可将表单提交后用户的进一步行为，自定义为有效获客。,,,,7,0,
BASIC_DATA,指标,有效获客(计费时间),attribution_customer_effective,有效获客是指用户完成了有价值动作的次数，其中动作支持您自定义。例如：您可将表单提交后用户的进一步行为，自定义为有效获客。计费时间是指：在行为发生（或回传）后，将对应的行为回记到过去30天内的扣费（消耗产生）时间上。,,,,7,0,
BASIC_DATA,指标,有效获客成本(计费时间),attribution_customer_effective_cost,消耗/有效获客(计费时间) 计费时间是指：在行为发生（或回传）后，将对应的行为回记到过去30天内的扣费（消耗产生）时间上。,,,,7,0,
BASIC_DATA,指标,支付-存在意向(计费时间),attribution_clue_pay_succeed,存在意向是指用户支付了小额订单的次数。计费时间是指：在行为发生（或回传）后，将对应的行为回记到过去30天内的扣费（消耗产生）时间上。,,,,7,0,
BASIC_DATA,指标,存在意向成本(计费时间),attribution_clue_pay_succeed_cost,消耗/支付-存在意向  计费时间是指：在行为发生（或回传）后，将对应的行为回记到过去30天内的扣费（消耗产生）时间上。,,,,7,0,
BASIC_DATA,指标,回访-加为好友(计费时间),attribution_clue_interflow,加为好友是指在回访之后，添加用户好友的次数。计费时间是指：在行为发生（或回传）后，将对应的行为回记到过去30天内的扣费（消耗产生）时间上。,,,,7,0,
BASIC_DATA,指标,加为好友成本(计费时间),attribution_clue_interflow_cost,消耗/回访-加为好友(计费时间) 计费时间是指：在行为发生（或回传）后，将对应的行为回记到过去30天内的扣费（消耗产生）时间上。,,,,7,0,
BASIC_DATA,指标,回访-高潜成交(计费时间),attribution_clue_high_intention,高潜成交是指在回访之后，被判定为有较高成交潜力的客户。计费时间是指：在行为发生（或回传）后，将对应的行为回记到过去30天内的扣费（消耗产生）时间上。,,,,7,0,
BASIC_DATA,指标,高潜成交成本(计费时间),attribution_clue_high_intention_cost,消耗/回访-高潜成交成本(计费时间) 计费时间是指：在行为发生（或回传）后，将对应的行为回记到过去30天内的扣费（消耗产生）时间上。,,,,7,0,
BASIC_DATA,指标,回访-信息确认(计费时间),attribution_clue_confirm,信息确认是指在回访之后，用户进行了信息确认的次数。计费时间是指：在行为发生（或回传）后，将对应的行为回记到过去30天内的扣费（消耗产生）时间上。,,,,7,0,
BASIC_DATA,指标,信息确认成本(计费时间),attribution_clue_confirm_cost,消耗/回访-信息确认(计费时间) 计费时间是指：在行为发生（或回传）后，将对应的行为回记到过去30天内的扣费（消耗产生）时间上。,,,,7,0,
BASIC_DATA,指标,留咨咨询,consult_clue,用户在门店落地页多线沟通的在线咨询中留资咨询的次数,,,,7,0,
BASIC_DATA,指标,企业微信添加好友数(计费时间),attribution_work_wechat_added_count,用户扫描二维码，成功添加商家的企业微信的用户人数。计费时间是指：在行为发生（或回传）后，将对应的行为回记到过去30天内的扣费（消耗产生）时间上。,,,,7,0,
BASIC_DATA,指标,企业微信取消好友数(计费时间),attribution_work_wechat_unfriend_count,取消和单元客户员工企业微信的好友关系的用户人数。计费时间是指：在行为发生（或回传）后，将对应的行为回记到过去30天内的扣费（消耗产生）时间上。,,,,7,0,
BASIC_DATA,指标,表单提交(计费时间),attribution_form,表单提交是指用户在落地页多线沟通提交表单的次数。计费时间是指在行为发生（或回传）后，将对应的行为回记到过去30天内的扣费（消耗产生）时间上。例如：单元在10月1日发生消耗，用户提交表单时间为10月2日，则该表单提交会记为10月1日的表单提交数，而非10月2日。,,,,7,0,
BASIC_DATA,指标,接通线索数(计费时间),attribution_clue_connected_count,接通线索数是指拨打且接通的线索数。计费时间是指在行为发生（或回传）后，将对应的行为回记到过去30天内的扣费（消耗产生）时间上。例如：单元在10月1日发生消耗，实际客服给用户拨打并接通时间为10月2日，则该接通线索会记为10月1日的接通线索数，而非10月2日。,,,,7,0,
BASIC_DATA,指标,接通率(计费时间),attribution_clue_connected_rate,计算方式：接通线索数(计费时间)/表单提交数(计费时间)。计费时间是指在行为发生（或回传）后，将对应的行为回记到过去30天内的扣费（消耗产生）时间上。,,,,7,0,
BASIC_DATA,指标,接通成本(计费时间),attribution_clue_connected_cost,计算方式：消耗/接通线索数(计费时间)。计费时间是指在行为发生（或回传）后，将对应的行为回记到过去30天内的扣费（消耗产生）时间上。,,,,7,0,
BASIC_DATA,指标,拨打线索数,clue_dialed_count,"客户产生拨打、并沉淀到巨量平台的线索数，该指标统计时间以线索产生时间为准。例如：投放内容在10月1日展现，用户在10月1日提交线索，实际客服给用户拨打时间为10月2日，则该拨打线索数会记为10月1日的拨打线索数，而非10月2日。该指标追溯周期为近7天，即10月1日产生的线索，10月7日前（含当日）拨打均会计入10月1日。 
指标更新时间：t+1天，即10月2日更新10月1日数据",,,,10,0,
BASIC_DATA,指标,拨打接通率,clue_connected_rate,"客户拨打电话，接通线索与拨打线索的比率。计算方式：接通线索数/拨打线索数。
指标更新时间：t+1天，即10月2日更新10月1日数据",,,,10,0,
BASIC_DATA,指标,拨打接通线索成本,clue_connected_cost,"客户拨打且接通，并沉淀到巨量平台的线索的平均成本，计算方式：拨打率*消耗/接通线索数，该指标统计时间以线索产生时间为准。
例如:投放内容在10月1日展现，用户在10月1日提交线索，实际客服给用户拨打且接通时间为10月2日，则该接通线索数会记为10月1日的接通线索数，而非10月2日。该指标追溯周期为近7天，即10月1日产生的线索，10月7日前(含当日)拨打并接通均会计入10月1日。指标更新时间：t+1天，即10月2日更新10月1日数据",,,,10,0,
BASIC_DATA,指标,30秒沟通线索数,clue_connected_30s_count,"客户接通后产生30秒沟通，并沉淀到巨量平台的线索数，该指标统计时间以线索产生时间为准。例如：投放内容在10月1日展现，用户在10月1日提交线索，实际客服给用户拨打并沟通30秒的时间为10月2日，则该30秒沟通线索数会记为10月1日的30秒沟通线索数，而非10月2日。该指标追溯周期为近7天，即10月1日产生的线索，10月7日前（含当日）沟通30秒均会计入10月1日。
指标更新时间：t+1天，即10月2日更新10月1日数据",,,,10,0,
BASIC_DATA,指标,30秒沟通线索率,clue_connected_30s_rate,"客户拨打电话，30秒沟通线索与拨打线索的比率。计算方式：30秒沟通线索/拨打线索数。
指标更新时间：t+1天，即10月2日更新10月1日数据",,,,10,0,
BASIC_DATA,指标,30秒沟通线索成本,clue_connected_30s_cost,"客户接通后产生30s沟通，并沉淀到巨量平台的线索的平均成本，计算方式：拨打率*消耗 / 30s接通线索数，该指标统计时间以线索产生时间为准。
例如：投放内容在10月1日展现，用户在10月1日提交线索，实际客服给用户拨打并沟通30秒的时间为10月2日，则该30秒沟通线索数会记为10月1日的30秒沟通线索数，而非10月2日。该指标追溯周期为近7天，即10月1日产生的线索，10月7日前（含当日）沟通30秒均会计入10月1日。 指标更新时间：t+1天，即10月2日更新10月1日数据",,,,10,0,
BASIC_DATA,指标,平均通话时长(秒),clue_connected_average_duration,"客户拨打电话，平均到每条线索数的通话时长。计算方式：总通话时长/接通线索数。
指标更新时间：t+1天，即10月2日更新10月1日数据",,,,10,0,
BASIC_DATA,指标,微信复制,wechat,用户通过长按复制微信号的次数,,,,7,0,
BASIC_DATA,指标,私信留资数,clue_message_count,用户在抖音号私信中留下线索（如号码、微信等）的次数,,,,7,0,
BASIC_DATA,指标,表单提交数(包含附加创意表单数),form_and_submit_count,表单提交和附加创意表单提交之和,,,,0,0,
BASIC_DATA,指标,表单提交成本(包含附加创意表单数),form_and_submit_cost,消耗/表单提交数(包含附加创意表单数),,,,0,0,
BASIC_DATA,指标,意向表单数,intention_form_and_submit_count,意向表单数为用户完成意向表单填写且满足投放账户意向定义的表单数,,,,0,0,
BASIC_DATA,指标,意向表单成本,intention_form_and_submit_cost,消耗/意向表单数,,,,0,0,
BASIC_DATA,指标,正价课购买数（计费时间）,attribution_conversion_class_count,购买低价课后完成正价课购买的用户人数。计费时间是指在行为发生（或回传）后，将对应的行为回记到过去30天内的扣费（消耗产生）时间上。,,,,7,0,
BASIC_DATA,指标,正价课购买成本（计费时间）,attribution_conversion_class_cost,消耗/正价课购买数。购买低价课后完成正价课购买的成本。计费时间是指在行为发生（或回传）后，将对应的行为回记到过去30天内的扣费（消耗产生）时间上。,,,,7,0,
BASIC_DATA,指标,线索数（计费时间）,attribution_all_convert_clue_count,,,,,7,0,
BASIC_DATA,指标,私信留资（计费时间）,attribution_clue_message_count,,,,,7,0,
BASIC_DATA,指标,留资咨询（计费时间）,attribution_consult_clue,,,,,7,0,
BASIC_DATA,指标,智能电话-确认接通 （计费时间）,attribution_phone_connect,,,,,7,0,
BASIC_DATA,指标,线索成本（计费时间）,attribution_all_convert_clue_cost,,,,,7,0,
BASIC_DATA,指标,进入私信数,message_enter_chat,进入私信聊天页面的用户数，单个用户多次进入私信只计算一次,,,,7,0,
BASIC_DATA,指标,私信开口数,message_action,进入私信聊天页面的且实际发送消息的用户数，单个用户多次发送消息只计算一次,,,,7,0,
BASIC_DATA,指标,小程序/小游戏当日LTV,attribution_micro_game_0d_ltv,所选时间范围内的激活用户在激活当日的变现金额,,,,9,0,
BASIC_DATA,指标,小程序/小游戏激活后三日LTV,attribution_micro_game_3d_ltv,所选时间范围内的激活用户在激活后三日内的变现金额,,,,9,0,
BASIC_DATA,指标,小程序/小游戏激活后七日LTV,attribution_micro_game_7d_ltv,所选时间范围内的激活用户在激活后七日内的变现金额,,,,9,0,
BASIC_DATA,指标,小程序/小游戏当日变现ROI,attribution_micro_game_0d_roi,所选时间范围内的激活用户在激活当日的变现ROI，计算公式是：当日LTV / 所选时间的消耗,,,,9,0,
BASIC_DATA,指标,小程序/小游戏激活后三日变现ROI,attribution_micro_game_3d_roi,所选时间范围内的激活用户在激活后三日内的变现ROI，计算公式是：三日LTV / 所选时间的消耗,,,,9,0,
BASIC_DATA,指标,小程序/小游戏激活后七日变现ROI,attribution_micro_game_7d_roi,所选时间范围内的激活用户在激活后七日内的变现ROI，计算公式是：七日LTV / 所选时间的消耗,,,,9,0,
BASIC_DATA,指标,小程序/小游戏当日内购&变现收入（激活时间）,attribution_micro_game_iaap_ltv_1day,所选时间范围内的激活用户在激活当日的变现金额 + 使用 “active_pay”事件回传付费金额时，平台所统计的内购金额总数,,,,9,0,
BASIC_DATA,指标,小程序/小游戏当日内购&变现ROI（激活时间）,attribution_micro_game_iaap_roi_1day,基于激活时间计算的，当日内购&变现金额/消耗,,,,9,0,
BASIC_DATA,指标,激活后24小时变现ROI,attribution_micro_game_24h_roi,激活用户在24小时内产生的变现收入/消耗,,,,9,0,
BASIC_DATA,指标,有效激活数,attribution_effect_active_30d_count,有效激活后30天内有产生单元变现或内购的激活数,,,,9,0,
BASIC_DATA,指标,有效激活成本,attribution_effect_active_30d_cost,消耗/有效激活数,,,,9,0,
BASIC_DATA,指标,24小时综合流水（激活时间）,attribution_micro_game_iaap_ltv_24h,激活后24小时内的付费金额+单元变现金额,,,,9,0,
BASIC_DATA,指标,24小时变现金额（激活时间）,stat_attribution_micro_game_24h_amount,,,,,9,0,
BASIC_DATA,指标,24小时综合ROI（激活时间）,attribution_micro_game_iaap_ltv_24h_roi,24小时综合流水/单元消耗,,,,9,0,
BASIC_DATA,指标,7日综合流水（激活时间）,attribution_micro_game_iaap_ltv_7d,激活后7天内的付费金额+单元变现金额,,,,9,0,
BASIC_DATA,指标,7日综合ROI（激活时间）,attribution_micro_game_iaap_ltv_7d_roi,7日综合流水/消耗,,,,9,0,
BASIC_DATA,指标,7日变现金额（激活时间）,stat_attribution_micro_game_7d_amount,,,,,9,0,
BASIC_DATA,指标,消耗（混变付费部分）（元）,stat_micro_game_iaap_iap_cost,表示单元在投放期内为获取付费流水所花费的预估金额。当天数据可能会有波动，次日稳定。,,,,8,0,
BASIC_DATA,指标,混变-7日付费roi（激活时间）,attribution_micro_game_iaap_iap_roi_8days,7日付费流水/为获取付费流水所产生的单元消耗,,,,10,0,
BASIC_DATA,指标,混变-7日变现roi（激活时间）,attribution_micro_game_iaap_iaa_7d_roi,7日变现流水/为获取变现流水所产生的单元消耗,,,,10,0,
BASIC_DATA,指标,消耗（混变单元变现部分）（元）,stat_micro_game_iaap_iaa_cost,表示单元在投放期内为获取单元变现流水所花费的预估金额。当天数据可能会有波动，次日稳定。,,,,8,0,
BASIC_DATA,指标,小程序/小游戏当日LTV(计费时间）,attribution_billing_micro_game_0d_ltv,所选时间范围内的激活用户在计费时间当日的变现金额。计费时间是指：在行为发生（或回传）后，将对应的行为回记到过去30天内的扣费（消耗产生）时间上。,,,,7,0,
BASIC_DATA,指标,小程序/小游戏七日LTV（计费时间）,attribution_billing_micro_game_7d_ltv,所选时间范围内的激活用户在计费时间七日内的变现金额。计费时间是指：在行为发生（或回传）后，将对应的行为回记到过去30天内的扣费（消耗产生）时间上。,,,,7,0,
BASIC_DATA,指标,小程序/小游戏当日变现ROI（计费时间）,attribution_billing_micro_game_0d_roi,所选时间范围内的激活用户在计费时间的变现ROI，计算公式是：当日LTV / 所选时间的消耗,,,,7,0,
BASIC_DATA,指标,小程序/小游戏24小时变现金额（计费时间）,stat_attribution_billing_micro_game_24h_amount,,,,,7,0,
BASIC_DATA,指标,小程序/小游戏三日变现金额（计费时间）,stat_attribution_billing_micro_game_3d_amount,,,,,7,0,
BASIC_DATA,指标,小程序/小游戏七日变现金额（计费时间）,stat_attribution_billing_micro_game_7d_amount,,,,,7,0,
BASIC_DATA,指标,小程序/小游戏24小时ROI（计费时间）,attribution_billing_micro_game_24h_roi,,,,,7,0,
BASIC_DATA,指标,小程序/小游戏三日变现ROI（计费时间）,attribution_billing_micro_game_3d_roi,,,,,7,0,
BASIC_DATA,指标,小程序/小游戏七日变现ROI（计费时间）,attribution_billing_micro_game_7d_roi,,,,,7,0,
BASIC_DATA,指标,原生短剧当日变现（结算）,stat_micro_game_0d_amount,,,,,7,0,
BASIC_DATA,指标,当日付费金额,attribution_game_in_app_ltv_1day,所选时间范围内的激活用户，激活当日在APP内的付费金额。,,,,9,0,
BASIC_DATA,指标,激活后一日付费金额,attribution_game_in_app_ltv_2days,所选时间范围内的激活用户，激活后一天内在APP内的付费金额总和。该指标隔日产出，并做了模糊化处理。,,,,9,0,
BASIC_DATA,指标,激活后二日付费金额,attribution_game_in_app_ltv_3days,所选时间范围内的激活用户，激活后二天内在APP内的付费金额总和。该指标隔日产出，并做了模糊化处理。,,,,9,0,
BASIC_DATA,指标,激活后三日付费金额,attribution_game_in_app_ltv_4days,所选时间范围内的激活用户，激活后三天内在APP内的付费金额总和。该指标隔日产出，并做了模糊化处理。,,,,9,0,
BASIC_DATA,指标,激活后四日付费金额,attribution_game_in_app_ltv_5days,所选时间范围内的激活用户，激活后四天内在APP内的付费金额总和。该指标隔日产出，并做了模糊化处理。,,,,9,0,
BASIC_DATA,指标,激活后五日付费金额,attribution_game_in_app_ltv_6days,所选时间范围内的激活用户，激活后五天内在APP内的付费金额总和。,,,,9,0,
BASIC_DATA,指标,激活后六日付费金额,attribution_game_in_app_ltv_7days,所选时间范围内的激活用户，激活后六天内在APP内的付费金额总和。该指标隔日产出，并做了模糊化处理。,,,,9,0,
BASIC_DATA,指标,激活后七日付费金额,attribution_game_in_app_ltv_8days,所选时间范围内的激活用户，激活后七天内在APP内的付费金额总和。该指标隔日产出，并做了模糊化处理。,,,,9,0,
BASIC_DATA,指标,当日付费ROI,attribution_game_in_app_roi_1day,所选时间范围内的激活用户在激活当日的付费ROI，计算公式是：当日付费金额/所选时间的消耗。,,,,9,0,
BASIC_DATA,指标,激活后一日付费ROI,attribution_game_in_app_roi_2days,所选时间范围内的激活用户在激活后一日内的所有付费ROI，计算公式是：激活后一日付费金额/所选时间的消耗。该指标隔日产出，并做了模糊化处理。,,,,9,0,
BASIC_DATA,指标,激活后二日付费ROI,attribution_game_in_app_roi_3days,所选时间范围内的激活用户在激活后二日内的所有付费ROI，计算公式是：激活后二日付费金额/所选时间的消耗。,,,,9,0,
BASIC_DATA,指标,激活后三日付费ROI,attribution_game_in_app_roi_4days,所选时间范围内的激活用户在激活后三日内的所有付费ROI，计算公式是：激活后三日付费金额/所选时间的消耗。,,,,9,0,
BASIC_DATA,指标,激活后四日付费ROI,attribution_game_in_app_roi_5days,所选时间范围内的激活用户在激活后四日内的所有付费ROI，计算公式是：激活后四日付费金额/所选时间的消耗。,,,,9,0,
BASIC_DATA,指标,激活后五日付费ROI,attribution_game_in_app_roi_6days,所选时间范围内的激活用户在激活后五日内的所有付费ROI，计算公式是：激活后五日付费金额/所选时间的消耗。,,,,9,0,
BASIC_DATA,指标,激活后六日付费ROI,attribution_game_in_app_roi_7days,所选时间范围内的激活用户在激活后六日内的所有付费ROI，计算公式是：激活后六日付费金额/所选时间的消耗。,,,,9,0,
BASIC_DATA,指标,激活后七日付费ROI,attribution_game_in_app_roi_8days,所选时间范围内的激活用户在激活后七日内的整体付费ROI，计算公式是：激活后七日付费金额/所选时间的消耗。,,,,9,0,
BASIC_DATA,指标,计费当日激活且首次付费数,attribution_day_active_pay_count,单元计费当日激活且首次付费的次数,,,,0,0,
BASIC_DATA,指标,计费当日激活且首次付费成本,attribution_day_active_pay_cost,消耗/计费当日激活且首次付费数,,,,0,0,
BASIC_DATA,指标,计费当日激活且首次付费率,attribution_day_active_pay_rate,计费当日激活且首次付费数/激活数,,,,0,0,
BASIC_DATA,指标,激活当日首次付费数,active_pay_intra_day_count,当日发生激活且首次付费的次数,,,,0,0,
BASIC_DATA,指标,激活当日首次付费成本,active_pay_intra_day_cost,消耗/激活当日首次付费数,,,,0,0,
BASIC_DATA,指标,激活当日首次付费率,active_pay_intra_day_rate,激活当日首次付费数/激活数,,,,0,0,
BASIC_DATA,指标,激活后24h首次付费数,attribution_active_pay_intra_one_day_count,激活事件发生后24小时首次付费数，归因到激活时间,,,,9,0,
BASIC_DATA,指标,激活后24h首次付费成本,attribution_active_pay_intra_one_day_cost,消耗/激活后24小时首次付费数,,,,9,0,
BASIC_DATA,指标,激活后24h首次付费率,attribution_active_pay_intra_one_day_rate,激活后24小时首次付费数/激活数,,,,9,0,
BASIC_DATA,指标,激活后24h付费金额,attribution_active_pay_intra_one_day_amount,激活24小时内app付费金额,,,,9,0,
BASIC_DATA,指标,激活后24h付费ROI,attribution_active_pay_intra_one_day_roi,激活24小时内的付费金额/消耗,,,,9,0,
BASIC_DATA,指标,首次付费后24h内付费金额,first_pay_intra_24hour_amount,所选时间范围内的激活用户，付费24小时内在APP内的付费金额总和。该指标隔日产出。,,,,9,0,
BASIC_DATA,指标,首次付费后24h付费ROI,first_pay_intra_24hour_roi,所选时间范围内的激活用户，在付费24小时内的所有付费ROI。计算公式是：付费24小时内的付费金额/所选时间的消耗。该指标隔日产出。,,,,9,0,
BASIC_DATA,指标,激活后七日首次付费率,attribution_active_pay_7d_rate,"所选时间范围内激活用户在激活后七天内产生首次付费的概率。 
激活后七日首次付费率 = 所选时间内激活用户在激活后七天内的首次付费数 / 所选时间内激活数",,,,9,0,
BASIC_DATA,指标,激活后七日首次付费数,attribution_active_pay_7d_count,所选时间范围内的激活用户，激活后七天内的首次付费数，归因到激活时间。,,,,9,0,
BASIC_DATA,指标,激活后七日首次付费成本,attribution_active_pay_7d_cost,"所选时间范围内激活用户在激活后七天内产生首次付费的成本。 
激活后七日首次付费成本 = 所选时间内总消耗 / 所选时间内激活用户在激活后七天内的首次付费数",,,,9,0,
BASIC_DATA,指标,完件数,loan_completion,互联网金融-贷款行业中，用户成功提交贷款额度申请的行为,,,,7,0,
BASIC_DATA,指标,完件成本,loan_completion_cost,计算方式：总花费／完件数。当天数据可能会有波动，次日早8点后稳定。,,,,7,0,
BASIC_DATA,指标,完件率,loan_completion_rate,计算方式：完件数／注册数,,,,7,0,
BASIC_DATA,指标,预授信数,pre_loan_credit,互联网金融-贷款行业中，用户提交一部分个人信息后，客户初步审批通过，并引导用户进行更加详细的信息填写以完成最终授信,,,,7,0,
BASIC_DATA,指标,预授信成本,pre_loan_credit_cost,计算方式：总花费／预授信数。当天数据可能会有波动，次日早8点后稳定。,,,,7,0,
BASIC_DATA,指标,授信数,loan_credit,互联网金融-贷款行业中，用户提交贷款额度申请后，客户审批通过，给予用户可贷款的额度,,,,7,0,
BASIC_DATA,指标,授信成本,loan_credit_cost,计算方式：总花费／授信数。当天数据可能会有波动，次日早8点后稳定。,,,,7,0,
BASIC_DATA,指标,授信率,loan_credit_rate,计算方式：授信数／完件数,,,,7,0,
BASIC_DATA,指标,放款数,loan,互联网金融-贷款行业中，用户的贷款申请通过审批并发放到用户,,,,7,0,
BASIC_DATA,指标,放款成本,loan_cost,计算方式：总花费/放款数。当天数据可能会有波动，次日早8点后稳定,,,,7,0,
BASIC_DATA,指标,放款率,loan_rate,计算方式：放款数/授信数,,,,7,0,
BASIC_DATA,指标,保险支付数,premium_payment_count,用户完成保险支付的总次数,,,,7,0,
BASIC_DATA,指标,保险支付成本,premium_payment_cost,总花费/保险支付总次数,,,,7,0,
BASIC_DATA,指标,保险支付ROI,insurance_lt_roi,所选时间范围内的保险支付ROI，计算公式：保费金额*经验系数/消耗。该指标暂时只支持深度转化目标是保险ROI出价的计划。,,,,7,0,
BASIC_DATA,指标,银行卡信息填写完成数,bankcard_information_count,留下银行卡信息的用户人数,,,,7,0,
BASIC_DATA,指标,补充个人信息填写完成数,personal_information_count,完成个人信息补充的用户人数,,,,7,0,
BASIC_DATA,指标,用户活体认证信息上传完成数,certification_information_count,完成活体认证的用户人数,,,,7,0,
BASIC_DATA,指标,开户数,open_account_count,成功开户的用户人数,,,,7,0,
BASIC_DATA,指标,到课数,first_class_count,财商课体验课出席第一次课的用户人数,,,,7,0,
BASIC_DATA,指标,二次课到课数,second_class_count,财商课体验课出席第二次课的用户人数,,,,7,0,
BASIC_DATA,指标,微信取关数,unfollow_in_wechat_count,取消客户企业号和个人号关注的用户数（金融行业）,,,,7,0,
BASIC_DATA,指标,微信内付费数,in_wechat_pay_count,用户添加微信成功（金融行业）,,,,7,0,
BASIC_DATA,指标,企业微信用户首次消息数(计费时间),attribution_work_wechat_dialog_count,所选时间范围内的微信用户首次消息数之和。计费时间是指：在行为发生（或回传）后，将对应的行为回记到过去30天内的扣费（消耗产生）时间上。,,,,7,0,
BASIC_DATA,指标,次级授信数,low_loan_credit_count,低质量用户的授信,,,,7,0,
BASIC_DATA,指标,高价值授信数,high_loan_credit_count,高质量用户的授信,,,,7,0,
BASIC_DATA,指标,M2内退保数,withdraw_m2_count,在保险M2期内退保的用户数,,,,7,0,
BASIC_DATA,指标,财富小单成交,small_amount_pay_count,金融财富行业中，用户完成小额订单成交。,,,,7,0,
BASIC_DATA,指标,三日授信个数（计费时间）,attribution_loan_credit_3d_count,以计费时间开始的3天内（3X24小时），累计转化的授信个数,,,,7,0,
BASIC_DATA,指标,三日授信金额（计费时间）,attribution_loan_credit_3d_amount,单元曝光后3日内用户首笔授信金额之和。,,,,7,0,
BASIC_DATA,指标,三日授信ROI （计费时间）,attribution_loan_credit_3d_roi,实际ROI=3日内授信金额/累计消耗，为投放期内实际ROI数据。,,,,7,0,
BASIC_DATA,指标,三日授信件均金额（计费时间）,attribution_loan_credit_3d_amount_avg,单元曝光后3日内用户首笔授信金额的平均值。,,,,7,0,
BASIC_DATA,指标,七日支用个数（计费时间）,attribution_loan_7d_count,以计费时间开始的7天内（7X24小时），累计转化的支用个数,,,,7,0,
BASIC_DATA,指标,七日支用金额 （计费时间）,attribution_loan_7d_amount,单元曝光后7日内用户累计支用金额之和。,,,,7,0,
BASIC_DATA,指标,七日支用ROI （计费时间）,attribution_loan_7d_roi,实际ROI=7日内支用金额/累计消耗，为投放期内实际ROI数据。,,,,7,0,
BASIC_DATA,指标,引流电商订单GMV,in_app_order_gmv,当您使用“in_app_order”事件回传订单金额时，对应的GMV金额,,,,7,0,
BASIC_DATA,指标,引流电商订单ROI,in_app_order_roi,引流电商订单GMV/消耗,,,,7,0,
BASIC_DATA,指标,引流电商支付GMV,in_app_pay_gmv,当您使用“in_app_pay”事件回传支付金额时，对应的GMV金额,,,,7,0,
BASIC_DATA,指标,引流电商支付ROI,in_app_pay_roi,引流电商支付GMV/消耗,,,,7,0,
BASIC_DATA,指标,引流电商订单GMV（计费时间）,attribution_in_app_order_gmv,在转化行为发生（或回传）之后，将订单GMV回记到过去30天内的扣费（消耗产生）时间上。 例如：单元在8月20日展示给用户，用户点击单元后于8月23日产生1笔购买，则8月23日这笔购买将会展示在8月20日，8月23日没有订单GMV。,,,,7,0,
BASIC_DATA,指标,引流电商订单ROI（计费时间）,attribution_in_app_order_roi,在转化行为发生（或回传）之后，将订单ROI回记到过去30天内的扣费（消耗产生）时间上。 例如：单元在8月20日展示给用户，用户点击单元后于8月23日产生1笔购买，则8月23日这笔购买将会展示在8月20日，8月23日没有订单ROI。,,,,7,0,
BASIC_DATA,指标,引流电商订单数,in_app_order_count,成交订单总数,,,,7,0,
BASIC_DATA,指标,引流电商净成交订单数,in_app_order_net_count_1h,剔除成交后1小时内退款订单后的订单总数,,,,7,0,
BASIC_DATA,指标,引流电商净成交GMV,in_app_order_net_gmv_1h,"剔除成交后1小时内退款订单金额后的总金额
",,,,7,0,
BASIC_DATA,指标,引流电商净成交ROI,in_app_order_net_roi_1h,净成交ROI = 净成交金额 / 消耗,,,,7,0,
BASIC_DATA,指标,引流电商订单数（计费时间）,attribution_in_app_order_count,在转化行为发生（或回传）之后，将订单数回记到过去30天内的扣费（消耗产生）时间上。 例如：广告在8月20日展示给用户，用户点击广告后于8月23日产生1笔购买，则8月23日这笔购买将会展示在8月20日，8月23日没有订单数。,,,,7,0,
BASIC_DATA,指标,引流电商净成交订单数（计费时间）,attribution_in_app_order_net_count_1h,在转化行为发生（或回传）之后，将净成交订单数回记到过去30天内的扣费（消耗产生）时间上。 例如：广告在8月20日展示给用户，用户点击广告后于8月23日产生1笔购买，则8月23日这笔购买将会展示在8月20日，8月23日没有净成交订单数。,,,,7,0,
BASIC_DATA,指标,引流电商净成交订单GMV（计费时间）,attribution_in_app_order_net_gmv_1h,在转化行为发生（或回传）之后，将净成交订单GMV回记到过去30天内的扣费（消耗产生）时间上。 例如：广告在8月20日展示给用户，用户点击广告后于8月23日产生1笔购买，则8月23日这笔购买将会展示在8月20日，8月23日没有净成交订单GMV。,,,,7,0,
BASIC_DATA,指标,引流电商净成交订单ROI（计费时间）,attribution_in_app_order_net_roi_1h,引流电商净成交GMV（计费时间）/消耗,,,,7,0,
BASIC_DATA,指标,引流电商净成交成本,in_app_order_net_cost_1h,引流电商净成交成本=消耗/引流电商净成交订单数,,,,7,0,
BASIC_DATA,指标,引流电商净成交成本（计费时间）,attribution_in_app_order_net_cost_1h,引流电商净成交成本（计费时间）=消耗/引流电商净成交订单数（计费时间）,,,,7,0,
BASIC_DATA,指标,提交身份认证数,submit_certification_count,出行行业司机在应用内提交身份认证的次数,,,,7,0,
BASIC_DATA,指标,通过身份认证数,approval_count,出行行业司机在应用内成功通过身份认证的次数,,,,7,0,
BASIC_DATA,指标,司机首次完单数,first_order_count,出行行业司机在应用内首次成功完成订单的数量,,,,7,0,
BASIC_DATA,指标,乘客首次下单数,first_rental_order_count,出行行业乘客在应用内首次成功下单的数量,,,,0,0,
BASIC_DATA,指标,乘客首次支付数,commute_first_pay_count,出行行业乘客在应用内首次成功支付订单的数量,,,,0,0,
BASIC_DATA,指标,播放量,total_play,播放时间大于0S的数量，在某些蜂窝网络环境下，需要您手动点击开始才会开始播放，因此有时播放数小于展示数。,,,,0,0,
BASIC_DATA,指标,3秒播放数,play_duration_3s,单元播放时间大于等于3秒的数量，如果视频总时长不足3秒，则记录播放完成的次数。,,,,7,0,
BASIC_DATA,指标,有效播放数,valid_play,竞价单元播放时间大于等于10秒的数量，如果视频总时长不足10秒，则记录播放完成的次数。品牌单元在部分APP（头条、头条lite、抖音、西瓜、抖音火山版、皮皮虾）播放时间大于等于5秒的数量，在其他APP大于等于3秒的数量，如果视频总时长不足5秒/3秒时，则记录播放完成的次数。,,,,0,0,
BASIC_DATA,指标,有效播放成本,valid_play_cost,计算公式：总花费/有效播放数，当天数据可能会有波动，次日早8点后稳定。,,,,0,0,
BASIC_DATA,指标,有效播放率,valid_play_rate,计算公式：有效播放数/展示数。,,,,0,0,
BASIC_DATA,指标,千次有效播放数,valid_play_of_mille,有效播放数/1000，其中有效播放数是指，竞价单元播放时间大于等于 10 秒的数量，如果视频总时长不足 10 秒，则记录播放完成的次数；品牌单元在部分 APP（头条、头条 lite、抖音、西瓜、抖音火山版、皮皮虾）播放时间大于等于 5s 的数量，在其他 APP 大于等于 3s 的数量，如果视频总时长不足 5s/3s 时，则记录播放完成的次数。,,,,0,0,
BASIC_DATA,指标,千次有效播放成本,valid_play_cost_of_mille,总花费/千次有效播放数，当天数据可能会有波动，次日早 8 点后稳定。,,,,0,0,
BASIC_DATA,指标,25%进度播放数,play_25_feed_break,用户播放至视频长度25%及以上的次数，包括跳跃播放至此长度的播放次数,,,,7,0,
BASIC_DATA,指标,50%进度播放数,play_50_feed_break,用户播放至视频长度50%及以上的次数，包括跳跃播放至此长度的播放次数,,,,7,0,
BASIC_DATA,指标,75%进度播放数,play_75_feed_break,用户播放至视频长度75%及以上的次数，包括跳跃播放至此长度的播放次数,,,,7,0,
BASIC_DATA,指标,99%进度播放数,play_99_feed_break,用户播放至视频长度99%及以上的次数，包括跳跃播放至此长度的播放次数,,,,7,0,
BASIC_DATA,指标,平均单次播放时长,average_play_time_per_play,计算方法：视频播放总实际时长／播放总次数（不包含跳跃的时长）,,,,7,0,
BASIC_DATA,指标,完播率,play_over_rate,计算公式：播放完成数/播放数。,,,,0,0,
BASIC_DATA,指标,WiFi播放占比,wifi_play_rate,在wifi环境下视频的播放数/视频播放总数,,,,7,0,
BASIC_DATA,指标,3秒卡片展现数,card_show,对于视频卡片类单元，在视频播放到3秒时进行卡片展现的数量。,,,,7,0,
BASIC_DATA,指标,点赞数,dy_like,单元被用户点赞的数量,,,,0,0,
BASIC_DATA,指标,评论量,dy_comment,用户在评论区对单元创意输入评论并点击提交的次数，仅限有评论区的APP（西瓜目前没有评论区）,,,,0,0,
BASIC_DATA,指标,分享量,dy_share,用户把单元分享到其他社交媒体的次数，成功完成一次分享行为记一次分享数,,,,0,0,
BASIC_DATA,指标,不感兴趣数,ad_dislike_cnt,用户点击对单元不感兴趣的反馈的行为数量。,,,,7,0,
BASIC_DATA,指标,举报数,ad_report_cnt,用户认为单元质量较差而点击举报的行为数量。,,,,7,0,
BASIC_DATA,指标,挑战赛查看数,ies_challenge_click,抖音单元中，用户点击挑战赛查看的数量,,,,7,0,
BASIC_DATA,指标,音乐查看数,ies_music_click,抖音单元中，用户点击音乐查看的数量,,,,7,0,
BASIC_DATA,指标,POI点击数,location_click,抖音单元中，用户点击POI组件的次数，一般出现在信息流或评论页面。POI为Point of Interest缩写,,,,7,0,
BASIC_DATA,指标,评论区入口点击数,comment_click_count,,,,,8,0,
BASIC_DATA,指标,WiFi播放量,wifi_play,在wifi环境下视频的播放数,,,,7,0,
BASIC_DATA,指标,播放时长,play_duration_sum,单位ms，计算方法：视频播放总实际时长/播放总次数（不包含跳跃的时长）,,,,7,0,
BASIC_DATA,指标,搜索组件点击数,search_component_click_count,用户点击视频底部或评论区顶部搜索组件的点击次数,,,,8,0,
BASIC_DATA,指标,搜索组件点击率,search_component_click_rate,视频搜索组件点击次数占展示次数的百分比，计算方法：搜索组件点击数/展示数,,,,8,0,
BASIC_DATA,指标,主页访问量,dy_home_visited,点击单元头像进入主页进行访问的次数，目前抖音、头条号外、抖音火山版可进行主页访问,,,,0,0,
BASIC_DATA,指标,粉丝量,dy_follow,单元被受众新增关注的数量，目前抖音、头条号外、微头条、抖音火山版可新增关注,,,,0,0,
BASIC_DATA,指标,私信开口数,message_action,进入私信聊天页面的且实际发送消息的用户数，单个用户多次发送消息只计算一次,,,,7,0,
BASIC_DATA,指标,落地页访问量,click_landing_page,用户在投放账户抖音号主页内访问落地页的次数,,,,7,0,
BASIC_DATA,指标,主页商品橱窗访问量,click_shopwindow,用户在投放账户抖音号主页中访问商品橱窗的次数,,,,7,0,
BASIC_DATA,指标,主页内落地页访问量,click_website,用户在投放账户抖音号主页内访问落地页的次数,,,,7,0,
BASIC_DATA,指标,主页内电话拨打点击量,click_call_dy,用户在投放账户抖音号主页内点击电话拨打的次数,,,,7,0,
BASIC_DATA,指标,主页下载链接点击量,click_download,用户在投放账户抖音号主页内点击下载的次数,,,,7,0,
BASIC_DATA,指标,直播间观看数,luban_live_enter_cnt,用户进入您直播间的次数,,,,0,0,
BASIC_DATA,指标,直播间超过1分钟观看数,live_watch_one_minute_count,用户在您的直播间单次观看时长超过1分钟的次数，目前仅支持鲁班直播、内容营销直播、品牌Feeds Live直播和品牌TopLive直播,,,,0,0,
BASIC_DATA,指标,直播间关注数,luban_live_follow_cnt,您的直播间新增的关注数，目前仅支持鲁班直播、内容营销直播、品牌Feeds Live直播和品牌TopLive直播,,,,7,0,
BASIC_DATA,指标,直播间分享数,luban_live_share_cnt,用户在您的直播间点击分享到其他社交媒体的次数，目前仅支持鲁班直播、内容营销直播、品牌Feeds Live直播和品牌TopLive直播,,,,7,0,
BASIC_DATA,指标,直播间评论数,luban_live_comment_cnt,用户在您的直播间输入评论并点击发送消息的次数，目前仅支持鲁班直播、内容营销直播、品牌Feeds Live直播和品牌TopLive直播,,,,7,0,
BASIC_DATA,指标,组件点击数,live_component_click_count,用户点击小风车+卡片组件的总次数,,,,7,0,
BASIC_DATA,指标,组件点击成本,live_component_click_cost,总花费/组件点击数,,,,7,0,
BASIC_DATA,指标,组件点击率,live_component_click_rate,组件点击数/组件曝光数,,,,7,0,
BASIC_DATA,指标,直播间打赏次数,luban_live_gift_cnt,用户在您的直播间成功打赏的次数，目前仅支持鲁班直播、内容营销直播、品牌Feeds Live直播和品牌TopLive直播,,,,7,0,
BASIC_DATA,指标,直播间礼物总金额,luban_live_gift_amount,用户在您的直播间打赏的总金额，单位：音浪。目前仅支持鲁班直播、抖音号推广直播、品牌Feeds Live直播和品牌TopLive直播,,,,7,0,
BASIC_DATA,指标,新增A3(问询)数,a3_ask_count,A3为巨量云图0-5A关系资产中的「问询」人群，为品牌人群资产中最有潜力发生后续转化的种草人群。本指标采用「实时触点归因」，将新增A3人群归因到最后一个触达的单元，按照单元粒度聚合统计。,,,,7,0,
BASIC_DATA,指标,新增A3(问询)成本,a3_ask_cost,计算方式：消耗 / 新增A3(问询)数，即获取单个A3用户所花费的成本,,,,7,0,
BASIC_DATA,指标,看后搜次数,search_after_read_pv,在选定周期内，该单元曝光用户点击素材底部搜索词、评论区小蓝词等产生的搜索次数。,,,,19,0,
BASIC_DATA,指标,看后搜率,search_after_pv_rate,看后搜次数/单元曝光次数*100%,,,,19,0,
BASIC_DATA,指标,看后搜成本（元）,search_after_read_cost,消耗(元)/看后搜次数,,,,19,0,
BASIC_DATA,指标,泛进店数,general_enter_store_pv,泛进店是由多个抖音电商用户行为拟合的指标，涵盖商品互动行为、品牌店铺互动行为、进入品牌直播间等用户行为。本指标统计对应单元曝光后24小时内产生了泛进店行为的次数。,,,,27,0,
BASIC_DATA,指标,泛进店率,general_enter_store_rate,泛进店数/展示数,,,,20,0,
BASIC_DATA,指标,泛进店成本（元）,general_enter_store_cost,消耗(元)/泛进店数,,,,20,0,
BIDWORD_DATA,维度,时间-小时,stat_time_hour,细分到每个小时的数据,否,是,,0,0,
BIDWORD_DATA,维度,时间-天,stat_time_day,细分到自然天的数据,否,是,,0,0,
BIDWORD_DATA,维度,时间-周,stat_time_week,细分到自然周的数据，周一到周日为一整周,否,是,,0,0,
BIDWORD_DATA,维度,时间-月,stat_time_month,细分到自然月的数据，例如2022-3，表示是3月1日到3月31日,否,是,,0,0,
BIDWORD_DATA,维度,项目ID,cdp_project_id,项目ID,是,是,,0,0,
BIDWORD_DATA,维度,项目名称,cdp_project_name,项目的名称,是,否,,0,0,
BIDWORD_DATA,维度,营销目的,landing_type,营销目的,是,是,17,0,0,
BIDWORD_DATA,维度,转化目标,external_action,对应项目的转化目标,是,是,158,0,0,
BIDWORD_DATA,维度,深度转化目标,deep_external_action,对应项目的深度转化目标,是,是,41,0,0,
BIDWORD_DATA,维度,投放模式,delivery_mode,投放模式,是,是,3,0,0,
BIDWORD_DATA,维度,单元ID,cdp_promotion_id,单元ID,是,是,,0,0,
BIDWORD_DATA,维度,单元名称,cdp_promotion_name,对应单元的名称,是,否,,0,0,
BIDWORD_DATA,维度,关键词ID,bidword_id,关键词ID。特殊说明：0表示未知关键词，-2表示智选流量。,是,是,,0,0,
BIDWORD_DATA,维度,关键词,ad_platform_bidword,关键词,是,否,,0,0,
BIDWORD_DATA,维度,关键词来源,bidword_source,关键词来源,否,否,,0,0,
BIDWORD_DATA,维度,关键词唯一ID,ad_bidword_id,搜索单元粒度下关键词唯一ID,是,是,,0,0,
BIDWORD_DATA,指标,消耗(元),stat_cost,表示单元在投放期内的预估花费金额。当天数据可能会有波动，次日稳定,,,,0,0,
BIDWORD_DATA,指标,展示数,show_cnt,单元展示给用户的次数。计算方式：经平台判定有效且被计费的展示次数。,,,,0,0,
BIDWORD_DATA,指标,平均千次展现费用(元),cpm_platform,单元平均每一千次展现所付出的费用，计算公式是：总消耗/展示数*1000。,,,,0,0,
BIDWORD_DATA,指标,点击数,click_cnt,当用户点击单元素材时，触发点击事件，该事件被认为是一次有效的单元点击。,,,,0,0,
BIDWORD_DATA,指标,点击率,ctr,单元被点击的次数占展示次数的百分比。计算方法：点击数/展示数*100%,,,,0,0,
BIDWORD_DATA,指标,平均点击单价(元),cpc_platform,计算公式是：总消耗/点击数。,,,,0,0,
BIDWORD_DATA,指标,关键词排名,avg_rank,显示关键词所触发的搜索行为中，您的单元排在第几名。数据次日产出,,,,0,0,
BIDWORD_DATA,指标,首位消耗,search_first_position_stat_cost,单元投出在搜索结果页第一位的消耗,,,,0,0,
BIDWORD_DATA,指标,转化数,convert_cnt,按转化事件发生时间统计的转化数。建议客户考核成本时参考“转化数据(计费时间)”，例如您的单元在早上8点进行了展示和点击，用户晚上19点发生了激活行为，我们会把激活数披露在晚上19点。在线索行业中， 表单提交、私信留资、留资咨询、智能电话-确认拨打所对应的事件都会计入单元转化数。,,,,0,0,
BIDWORD_DATA,指标,平均转化成本,conversion_cost,计算方式：总消耗/转化数。当天数据可能会有波动。,,,,0,0,
BIDWORD_DATA,指标,转化率,conversion_rate,单元被用户转化的次数占点击次数的百分比。计算方式：转化数/点击数*100%,,,,0,0,
BIDWORD_DATA,指标,深度转化数,deep_convert_cnt,将深度转化数记录在转化事件发生的时间上。建议客户考核深度转化成本时参考“深度转化数（计费时间）”例如您投放的内容在早上8点进行了展示和点击，用户晚上19点发生了激活行为，我们会把激活数披露在晚上19点。,,,,0,0,
BIDWORD_DATA,指标,深度转化成本,deep_convert_cost,计算方法：总消耗/深度转化数。当天数据可能会有波动，次日早8点后稳定。,,,,0,0,
BIDWORD_DATA,指标,深度转化率,deep_convert_rate,单元被用户进行深度转化的次数占转化次数的百分比。计算方式：深度转化数/转化数*100%,,,,0,0,
BIDWORD_DATA,指标,安卓下载开始数,click_start_cnt,用户在落地页和应用商店中开始安装包下载进程的次数，仅安卓下载可以监测到该行为,,,,0,0,
BIDWORD_DATA,指标,安卓下载开始成本,click_start_cost,计算方法：总花费/安卓下载开始数。,,,,0,0,
BIDWORD_DATA,指标,安卓下载开始率,click_start_rate,计算方法：安卓下载开始数/点击数,,,,0,0,
BIDWORD_DATA,指标,安卓下载完成数,download_finish_cnt,用户在落地页和应用商店中下载安装包进程完成的次数，仅安卓下载可以监测到该行为,,,,0,0,
BIDWORD_DATA,指标,安卓下载完成成本,download_finish_cost,计算方式：总花费/安卓下载完成数。,,,,0,0,
BIDWORD_DATA,指标,安卓下载完成率,download_finish_rate,计算方式：安卓下载完成数/安卓下载开始数,,,,0,0,
BIDWORD_DATA,指标,安卓安装完成数,install_finish_cnt,用户在落地页中将安装包安装完成的次数，仅安卓下载可以监测到该行为。如果您的计划开启了商店直投，则下载相关行为数据有部分无法被监测到，而安装数据不受影响，因此安装数可能会大于下载数。,,,,0,0,
BIDWORD_DATA,指标,安卓安装完成成本,install_finish_cost,计算方式：总花费/安卓安装完成数,,,,0,0,
BIDWORD_DATA,指标,安卓安装完成率,install_finish_rate,计算方式：安卓安装完成数/安卓下载完成数,,,,0,0,
BIDWORD_DATA,指标,激活数,active,如果您对接了API，激活数是您认可且回传成功的的激活数。如果您对接了SDK，则激活数是指用户下载您的APP后打开的次数。,,,,0,0,
BIDWORD_DATA,指标,激活成本（元）,active_cost,计算方式：总花费/激活数。,,,,0,0,
BIDWORD_DATA,指标,激活率,active_rate,计算方式：激活数/点击数*100%,,,,0,0,
BIDWORD_DATA,指标,APP内访问,in_app_uv,用户调起APP后到达的次数，一般在DPA单元中使用,,,,0,0,
BIDWORD_DATA,指标,APP内访问详情页,in_app_detail_uv,用户调起APP后到达指定详情页的次数，一般在DPA单元中使用,,,,0,0,
BIDWORD_DATA,指标,APP内加入购物车,in_app_cart,用户调起APP后加入购物车的次数，一般在DPA单元中使用,,,,0,0,
BIDWORD_DATA,指标,APP内付费,in_app_pay,用户调起APP后完成付费的次数，一般在DPA单元中使用,,,,0,0,
BIDWORD_DATA,指标,APP内下单,in_app_order,用户调起APP后提交订单的次数，一般在DPA单元中使用,,,,0,0,
BIDWORD_DATA,指标,点击电话按钮,phone,用户点击POI页面的电话按钮的次数,,,,0,0,
BIDWORD_DATA,指标,表单提交,form,用户在门店落地页多线沟通提交表单的次数,,,,0,0,
BIDWORD_DATA,指标,下载开始,download_start,用户点击下载开始的次数,,,,0,0,
BIDWORD_DATA,指标,有效咨询,consult_effective,用户在门店落地页多线沟通的在线咨询中有效咨询的次数,,,,0,0,
BIDWORD_DATA,指标,小程序/小游戏当日LTV,attribution_micro_game_0d_ltv,所选时间范围内的激活用户在激活当日的变现金额,,,,0,0,
BIDWORD_DATA,指标,小程序/小游戏激活后三日LTV,attribution_micro_game_3d_ltv,所选时间范围内的激活用户在激活后三日内的变现金额,,,,0,0,
BIDWORD_DATA,指标,小程序/小游戏激活后七日LTV,attribution_micro_game_7d_ltv,所选时间范围内的激活用户在激活后七日内的变现金额,,,,0,0,
BIDWORD_DATA,指标,小程序/小游戏当日变现ROI,attribution_micro_game_0d_roi,所选时间范围内的激活用户在激活当日的变现ROI，计算公式是：当日LTV / 所选时间的消耗,,,,0,0,
BIDWORD_DATA,指标,小程序/小游戏激活后三日变现ROI,attribution_micro_game_3d_roi,所选时间范围内的激活用户在激活后三日内的变现ROI，计算公式是：三日LTV / 所选时间的消耗,,,,0,0,
BIDWORD_DATA,指标,小程序/小游戏激活后七日变现ROI,attribution_micro_game_7d_roi,所选时间范围内的激活用户在激活后七日内的变现ROI，计算公式是：七日LTV / 所选时间的消耗,,,,0,0,
BIDWORD_DATA,指标,当日付费金额,attribution_game_in_app_ltv_1day,所选时间范围内的激活用户，激活当日在APP内的付费金额。,,,,0,0,
BIDWORD_DATA,指标,激活后一日付费金额,attribution_game_in_app_ltv_2days,所选时间范围内的激活用户，激活后一天内在APP内的付费金额总和。该指标隔日产出，并做了模糊化处理。,,,,0,0,
BIDWORD_DATA,指标,激活后二日付费金额,attribution_game_in_app_ltv_3days,所选时间范围内的激活用户，激活后二天内在APP内的付费金额总和。该指标隔日产出，并做了模糊化处理。,,,,0,0,
BIDWORD_DATA,指标,激活后三日付费金额,attribution_game_in_app_ltv_4days,所选时间范围内的激活用户，激活后三天内在APP内的付费金额总和。该指标隔日产出，并做了模糊化处理。,,,,0,0,
BIDWORD_DATA,指标,激活后四日付费金额,attribution_game_in_app_ltv_5days,所选时间范围内的激活用户，激活后四天内在APP内的付费金额总和。该指标隔日产出，并做了模糊化处理。,,,,0,0,
BIDWORD_DATA,指标,激活后五日付费金额,attribution_game_in_app_ltv_6days,所选时间范围内的激活用户，激活后五天内在APP内的付费金额总和。,,,,0,0,
BIDWORD_DATA,指标,激活后六日付费金额,attribution_game_in_app_ltv_7days,所选时间范围内的激活用户，激活后六天内在APP内的付费金额总和。该指标隔日产出，并做了模糊化处理。,,,,0,0,
BIDWORD_DATA,指标,激活后七日付费金额,attribution_game_in_app_ltv_8days,所选时间范围内的激活用户，激活后七天内在APP内的付费金额总和。该指标隔日产出，并做了模糊化处理。,,,,0,0,
BIDWORD_DATA,指标,当日付费ROI,attribution_game_in_app_roi_1day,所选时间范围内的激活用户在激活当日的付费ROI，计算公式是：当日付费金额/所选时间的消耗。,,,,0,0,
BIDWORD_DATA,指标,激活后一日付费ROI,attribution_game_in_app_roi_2days,所选时间范围内的激活用户在激活后一日内的所有付费ROI，计算公式是：激活后一日付费金额/所选时间的消耗。该指标隔日产出，并做了模糊化处理。,,,,0,0,
BIDWORD_DATA,指标,激活后二日付费ROI,attribution_game_in_app_roi_3days,所选时间范围内的激活用户在激活后二日内的所有付费ROI，计算公式是：激活后二日付费金额/所选时间的消耗。,,,,0,0,
BIDWORD_DATA,指标,激活后三日付费ROI,attribution_game_in_app_roi_4days,所选时间范围内的激活用户在激活后三日内的所有付费ROI，计算公式是：激活后三日付费金额/所选时间的消耗。,,,,0,0,
BIDWORD_DATA,指标,激活后四日付费ROI,attribution_game_in_app_roi_5days,所选时间范围内的激活用户在激活后四日内的所有付费ROI，计算公式是：激活后四日付费金额/所选时间的消耗。,,,,0,0,
BIDWORD_DATA,指标,激活后五日付费ROI,attribution_game_in_app_roi_6days,所选时间范围内的激活用户在激活后五日内的所有付费ROI，计算公式是：激活后五日付费金额/所选时间的消耗。,,,,0,0,
BIDWORD_DATA,指标,激活后六日付费ROI,attribution_game_in_app_roi_7days,所选时间范围内的激活用户在激活后六日内的所有付费ROI，计算公式是：激活后六日付费金额/所选时间的消耗。,,,,0,0,
BIDWORD_DATA,指标,激活后七日付费ROI,attribution_game_in_app_roi_8days,所选时间范围内的激活用户在激活后七日内的整体付费ROI，计算公式是：激活后七日付费金额/所选时间的消耗。,,,,0,0,
BIDWORD_DATA,指标,计费当日激活且首次付费数,attribution_day_active_pay_count,单元计费当日激活且首次付费的次数,,,,0,0,
BIDWORD_DATA,指标,计费当日激活且首次付费成本,attribution_day_active_pay_cost,消耗/计费当日激活且首次付费数,,,,0,0,
BIDWORD_DATA,指标,计费当日激活且首次付费率,attribution_day_active_pay_rate,计费当日激活且首次付费数/激活数,,,,0,0,
BIDWORD_DATA,指标,激活当日首次付费数,active_pay_intra_day_count,当日发生激活且首次付费的次数,,,,0,0,
BIDWORD_DATA,指标,激活当日首次付费成本,active_pay_intra_day_cost,消耗/激活当日首次付费数,,,,0,0,
BIDWORD_DATA,指标,激活当日首次付费率,active_pay_intra_day_rate,激活当日首次付费数/激活数,,,,0,0,
BIDWORD_DATA,指标,激活后24h首次付费数,attribution_active_pay_intra_one_day_count,激活事件发生后24小时首次付费数，归因到激活时间,,,,0,0,
BIDWORD_DATA,指标,激活后24h首次付费成本,attribution_active_pay_intra_one_day_cost,消耗/激活后24小时首次付费数,,,,0,0,
BIDWORD_DATA,指标,激活后24h首次付费率,attribution_active_pay_intra_one_day_rate,激活后24小时首次付费数/激活数,,,,0,0,
BIDWORD_DATA,指标,激活后24h付费金额,attribution_active_pay_intra_one_day_amount,激活24小时内app付费金额,,,,0,0,
BIDWORD_DATA,指标,激活后24h付费ROI,attribution_active_pay_intra_one_day_roi,激活24小时内的付费金额/消耗,,,,0,0,
BIDWORD_DATA,指标,激活后七日首次付费数,attribution_active_pay_7d_count,所选时间范围内的激活用户，激活后七天内的首次付费数，归因到激活时间。,,,,0,0,
BIDWORD_DATA,指标,激活后七日首次付费成本,attribution_active_pay_7d_cost,"所选时间范围内激活用户在激活后七天内产生首次付费的成本。 
激活后七日首次付费成本 = 所选时间内总消耗 / 所选时间内激活用户在激活后七天内的首次付费数",,,,0,0,
BIDWORD_DATA,指标,激活后七日首次付费率,attribution_active_pay_7d_rate,"所选时间范围内激活用户在激活后七天内产生首次付费的概率。 
激活后七日首次付费率 = 所选时间内激活用户在激活后七天内的首次付费数 / 所选时间内激活数",,,,0,0,
BIDWORD_DATA,指标,完件数,loan_completion,互联网金融-贷款行业中，用户成功提交贷款额度申请的行为,,,,0,0,
BIDWORD_DATA,指标,完件成本,loan_completion_cost,计算方式：总花费／完件数。当天数据可能会有波动，次日早8点后稳定。,,,,0,0,
BIDWORD_DATA,指标,完件率,loan_completion_rate,计算方式：完件数／注册数,,,,0,0,
BIDWORD_DATA,指标,授信数,loan_credit,互联网金融-贷款行业中，用户提交贷款额度申请后，客户审批通过，给予用户可贷款的额度,,,,0,0,
BIDWORD_DATA,指标,授信成本,loan_credit_cost,计算方式：总花费／授信数。当天数据可能会有波动，次日早8点后稳定。,,,,0,0,
BIDWORD_DATA,指标,授信率,loan_credit_rate,计算方式：授信数／完件数,,,,0,0,
BIDWORD_DATA,指标,预授信数,pre_loan_credit,互联网金融-贷款行业中，用户提交一部分个人信息后，客户初步审批通过，并引导用户进行更加详细的信息填写以完成最终授信,,,,0,0,
BIDWORD_DATA,指标,预授信成本,pre_loan_credit_cost,计算方式：总花费／预授信数。当天数据可能会有波动，次日早8点后稳定。,,,,0,0,
BIDWORD_DATA,指标,保险支付ROI,insurance_lt_roi,所选时间范围内的保险支付ROI，计算公式：保费金额*经验系数/消耗。该指标暂时只支持深度转化目标是保险ROI出价的计划。,,,,0,0,
BIDWORD_DATA,指标,放款数,loan,互联网金融-贷款行业中，用户的贷款申请通过审批并发放到用户,,,,0,0,
BIDWORD_DATA,指标,放款成本,loan_cost,计算方式：总花费/放款数。当天数据可能会有波动，次日早8点后稳定,,,,0,0,
BIDWORD_DATA,指标,放款率,loan_rate,计算方式：放款数/授信数,,,,0,0,
BIDWORD_DATA,指标,保险支付数,premium_payment_count,用户完成保险支付的总次数,,,,0,0,
BIDWORD_DATA,指标,保险支付成本,premium_payment_cost,总花费/保险支付总次数,,,,0,0,
BIDWORD_DATA,指标,银行卡信息填写完成数,bankcard_information_count,留下银行卡信息的用户人数,,,,0,0,
BIDWORD_DATA,指标,补充个人信息填写完成数,personal_information_count,完成个人信息补充的用户人数,,,,0,0,
BIDWORD_DATA,指标,用户活体认证信息上传完成数,certification_information_count,完成活体认证的用户人数,,,,0,0,
BIDWORD_DATA,指标,开户数,open_account_count,成功开户的用户人数,,,,0,0,
BIDWORD_DATA,指标,到课数,first_class_count,财商课体验课出席第一次课的用户人数,,,,0,0,
BIDWORD_DATA,指标,二次课到课数,second_class_count,财商课体验课出席第二次课的用户人数,,,,0,0,
BIDWORD_DATA,指标,微信取关数,unfollow_in_wechat_count,取消客户企业号和个人号关注的用户数（金融行业）,,,,0,0,
BIDWORD_DATA,指标,微信内付费数,in_wechat_pay_count,用户添加微信成功（金融行业）,,,,0,0,
BIDWORD_DATA,指标,企业微信用户首次消息数(计费时间),attribution_work_wechat_dialog_count,所选时间范围内的微信用户首次消息数之和。计费时间是指：在行为发生（或回传）后，将对应的行为回记到过去30天内的扣费（消耗产生）时间上。,,,,0,0,
BIDWORD_DATA,指标,次级授信数,low_loan_credit_count,低质量用户的授信,,,,0,0,
BIDWORD_DATA,指标,高价值授信数,high_loan_credit_count,高质量用户的授信,,,,0,0,
BIDWORD_DATA,指标,M2内退保数,withdraw_m2_count,在保险M2期内退保的用户数,,,,0,0,
BIDWORD_DATA,指标,播放量,total_play,播放时间大于0S的数量，在某些蜂窝网络环境下，需要您手动点击开始才会开始播放，因此有时播放数小于展示数。,,,,0,0,
BIDWORD_DATA,指标,3秒播放数,play_duration_3s,单元播放时间大于等于3秒的数量，如果视频总时长不足3秒，则记录播放完成的次数。,,,,0,0,
BIDWORD_DATA,指标,评论量,dy_comment,用户在评论区对单元创意输入评论并点击提交的次数，仅限有评论区的APP（西瓜目前没有评论区）,,,,0,0,
BIDWORD_DATA,指标,点赞数,dy_like,单元被用户点赞的数量,,,,0,0,
BIDWORD_DATA,指标,分享量,dy_share,用户把单元分享到其他社交媒体的次数，成功完成一次分享行为记一次分享数,,,,0,0,
DMP_DATA,维度,时间-天,stat_time_day,细分到自然天的数据,否,是,,0,0,
DMP_DATA,维度,时间-周,stat_time_week,细分到自然周的数据，周一到周日为一整周,否,是,,0,0,
DMP_DATA,维度,时间-月,stat_time_month,细分到自然月的数据，例如2022-3，表示是3月1日到3月31日,否,是,,0,0,
DMP_DATA,维度,项目ID,cdp_project_id,项目ID,是,是,,0,0,
DMP_DATA,维度,项目名称,cdp_project_name,项目的名称,是,否,,0,0,
DMP_DATA,维度,单元ID,cdp_promotion_id,单元ID,是,是,,0,0,
DMP_DATA,维度,单元名称,cdp_promotion_name,对应单元的名称,是,否,,0,0,
DMP_DATA,维度,首选位置,app_code,您所投放的单元数据中，对应的首选投放版位,是,是,11,0,0,
DMP_DATA,维度,定向类型,use_type,人群包的使用方式，包含定向与排除,是,是,2,0,0,
DMP_DATA,维度,人群包ID,custom_audience_id,人群包ID,是,是,,0,0,
DMP_DATA,维度,人群包名称,custom_audience_name,人群包名称,否,否,,0,0,
DMP_DATA,指标,消耗(元),stat_cost,表示单元在投放期内的预估花费金额。当天数据可能会有波动，次日稳定,,,,0,0,
DMP_DATA,指标,展示数,show_cnt,单元展示给用户的次数。计算方式：经平台判定有效且被计费的展示次数。,,,,0,0,
DMP_DATA,指标,平均千次展现费用(元),cpm_platform,单元平均每一千次展现所付出的费用，计算公式是：总消耗/展示数*1000。,,,,0,0,
DMP_DATA,指标,点击数,click_cnt,当用户点击单元素材时，触发点击事件，该事件被认为是一次有效的单元点击。,,,,0,0,
DMP_DATA,指标,点击率,ctr,单元被点击的次数占展示次数的百分比。计算方法：点击数/展示数*100%,,,,0,0,
DMP_DATA,指标,平均点击单价(元),cpc_platform,计算公式是：总消耗/点击数。,,,,0,0,
DMP_DATA,指标,转化数,convert_cnt,按转化事件发生时间统计的转化数。建议客户考核成本时参考“转化数据(计费时间)”，例如您的单元在早上8点进行了展示和点击，用户晚上19点发生了激活行为，我们会把激活数披露在晚上19点。在线索行业中， 表单提交、私信留资、留资咨询、智能电话-确认拨打所对应的事件都会计入单元转化数。,,,,0,0,
DMP_DATA,指标,平均转化成本,conversion_cost,计算方式：总消耗/转化数。当天数据可能会有波动。,,,,0,0,
DMP_DATA,指标,转化率,conversion_rate,单元被用户转化的次数占点击次数的百分比。计算方式：转化数/点击数*100%,,,,0,0,
DMP_DATA,指标,深度转化数,deep_convert_cnt,将深度转化数记录在转化事件发生的时间上。建议客户考核深度转化成本时参考“深度转化数（计费时间）”例如您投放的内容在早上8点进行了展示和点击，用户晚上19点发生了激活行为，我们会把激活数披露在晚上19点。,,,,0,0,
DMP_DATA,指标,深度转化成本,deep_convert_cost,计算方法：总消耗/深度转化数。当天数据可能会有波动，次日早8点后稳定。,,,,0,0,
DMP_DATA,指标,深度转化率,deep_convert_rate,单元被用户进行深度转化的次数占转化次数的百分比。计算方式：深度转化数/转化数*100%,,,,0,0,
MATERIAL_DATA,维度,时间-小时,stat_time_hour,细分到每个小时的数据,否,是,,28,23,
MATERIAL_DATA,维度,时间-天,stat_time_day,细分到自然天的数据,否,是,,0,0,
MATERIAL_DATA,维度,时间-周,stat_time_week,细分到自然周的数据，周一到周日为一整周,否,是,,0,0,
MATERIAL_DATA,维度,时间-月,stat_time_month,细分到自然月的数据，例如2022-3，表示是3月1日到3月31日,否,是,,0,0,
MATERIAL_DATA,维度,项目ID,cdp_project_id,项目ID,是,是,,0,0,
MATERIAL_DATA,维度,项目名称,cdp_project_name,项目的名称,是,否,,0,0,
MATERIAL_DATA,维度,项目类型,campaign_type,对应项目的类型,是,是,3,8,13,
MATERIAL_DATA,维度,营销目的,landing_type,营销目的,是,是,17,0,0,
MATERIAL_DATA,维度,转化目标,external_action,对应项目的转化目标,是,是,158,6,0,
MATERIAL_DATA,维度,计费类型,pricing,对应项目的计费类型,是,是,11,6,0,
MATERIAL_DATA,维度,深度转化目标,deep_external_action,对应项目的深度转化目标,是,是,41,6,0,
MATERIAL_DATA,维度,下载方式,ad_platform_cdp_project_download_type,在项目中设置的下载方式,否,否,,0,0,
MATERIAL_DATA,维度,下载链接,ad_platform_cdp_project_download_url,在项目中设置的下载链接,否,否,,0,0,
MATERIAL_DATA,维度,转化监测地址,ad_platform_cdp_project_action_track_url,在项目中设置的监测链接,否,否,,0,0,
MATERIAL_DATA,维度,投放模式,delivery_mode,投放模式,是,是,3,0,0,
MATERIAL_DATA,维度,星广联投任务ID,star_task_id,,是,否,,31,23,
MATERIAL_DATA,维度,单元ID,cdp_promotion_id,单元ID,是,是,,6,0,
MATERIAL_DATA,维度,单元名称,cdp_promotion_name,对应单元的名称,是,否,,6,0,
MATERIAL_DATA,维度,单元出价,ad_platform_cdp_promotion_bid,在单元中设置的出价,否,否,,6,0,
MATERIAL_DATA,维度,深度转化出价,ad_platform_cdp_promotion_deep_cpa_bid,在单元中设置的深度转化出价,否,否,,6,0,
MATERIAL_DATA,维度,ROI系数,ad_platform_cdp_promotion_roi_goal,在单元中设置的ROI系数,否,否,,0,0,
MATERIAL_DATA,维度,首选位置,app_code,您所投放的单元数据中，对应的首选投放版位,是,是,11,11,10,
MATERIAL_DATA,维度,包名,package_name,您在项目中设置的应用包包名,是,是,,11,10,
MATERIAL_DATA,维度,性别,gender,您所投放的单元数据中，对应的用户性别。无法识别的性别数据会显示为“其他”,是,是,5,28,218,
MATERIAL_DATA,维度,年龄,age,您所投放的单元数据中，对应的用户年龄。无法识别的年龄数据会显示为“其他”,是,是,8,28,218,
MATERIAL_DATA,维度,年龄（细分）,age_v2,您所投放的单元数据中，对应的用户细分年龄。无法识别的年龄数据会显示为“其他”。年龄细分仅支持2023年3月28日之后的数据。,是,是,11,28,218,
MATERIAL_DATA,维度,网络,ac,您所投放的单元数据中，对应的用户网络环境。无法识别的网络数据会显示为“其他”,是,是,6,28,218,
MATERIAL_DATA,维度,平台,platform,您所投放的单元数据，对应的操作系统平台，无法识别的操作系统会显示为“其他”,是,是,6,28,218,
MATERIAL_DATA,维度,素材ID,material_id,素材的ID,是,是,,26,23,
MATERIAL_DATA,维度,素材内容,ad_platform_material_content,对应的素材标题、视频及图片内容,否,否,,26,23,
MATERIAL_DATA,维度,素材类型,image_mode,对应的素材类型，包括标题、大图横图、竖版视频等,是,是,17,20,23,
MATERIAL_DATA,维度,素材名称,ad_platform_material_name,素材为视频素材时，对应的视频名称,否,否,,26,23,
MATERIAL_DATA,维度,标题ID,title_material_id,标题ID。支持查看2022年5月1日及之后的数据。,是,否,,39,23,
MATERIAL_DATA,维度,标题内容,ad_platform_title_material,标题内容。支持查看2022年5月1日及之后的数据。,否,否,,39,23,
MATERIAL_DATA,维度,图片ID,image_material_id,图片素材ID。支持查看2022年5月1日及之后的数据。,是,否,,39,23,
MATERIAL_DATA,维度,图片内容,ad_platform_image_material_content,图片素材内容。支持查看2022年5月1日及之后的数据。,否,否,,39,23,
MATERIAL_DATA,维度,视频ID,video_material_id,视频素材ID,是,否,,39,23,
MATERIAL_DATA,维度,视频内容,ad_platform_video_material_content,视频素材内容。支持查看2022年5月1日及之后的数据。,否,否,,39,23,
MATERIAL_DATA,维度,落地页ID,site_id,落地页的ID，落地页数据次日更新。,是,是,,34,153,
MATERIAL_DATA,维度,落地页内容,ad_platform_site_content,落地页页面内容，落地页数据次日更新。,否,否,,34,153,
MATERIAL_DATA,维度,落地页类型,landing_page_type,对应的落地页类型，包括橙子落地页、自研落地页。落地页数据次日更新。,是,是,2,34,153,
MATERIAL_DATA,维度,落地页名称,ad_platform_site_name,落地页名称，落地页数据次日更新。,否,否,,34,153,
MATERIAL_DATA,维度,创意组件ID,creative_component_id,创意组件的ID,是,是,,34,168,
MATERIAL_DATA,维度,创意组件内容,ad_platform_creative_component_content,创意组件的具体内容,否,否,,34,168,
MATERIAL_DATA,维度,创意组件名称,ad_platform_creative_component_name,创意组件的名称,否,否,,34,168,
MATERIAL_DATA,维度,创意组件类型,creative_component_type,对应的创意组件类型，包括投放卡片、选择磁贴等,是,否,25,34,168,
MATERIAL_DATA,维度,试玩素材（已下线）ID,playable_id,试玩素材的ID,是,是,,33,159,
MATERIAL_DATA,维度,试玩素材（已下线）内容,ad_platform_playable_content,试玩素材的具体内容,否,否,,33,159,
MATERIAL_DATA,维度,试玩素材（已下线）名称,ad_platform_playable_name,试玩素材的名称,否,否,,33,159,
MATERIAL_DATA,维度,试玩素材（已下线）展示方向,orientation,试玩素材的方向，包括横版、竖版与横竖均可,是,是,3,33,159,
MATERIAL_DATA,维度,联盟卡券ID,activity_id,联盟卡券ID,是,是,,33,76,
MATERIAL_DATA,维度,联盟卡券名称,ad_platform_activity_name,联盟卡券名称,否,否,,33,76,
MATERIAL_DATA,维度,联盟卡券内容,ad_platform_activity_content,联盟卡券内容,否,否,,33,76,
MATERIAL_DATA,维度,锚点ID,material_anchor_id,锚点的ID,是,否,,34,267,
MATERIAL_DATA,维度,锚点名称,material_anchor_name,锚点名称,是,否,,34,267,
MATERIAL_DATA,维度,锚点类型,anchor_type,支持查看5种类型的锚点数据：高级在线预约、应用下载-网服、应用下载-游戏、咨询、外跳锚点,是,否,5,34,267,
MATERIAL_DATA,维度,锚点来源,anchor_create_type,标识锚点的生成方式是自动生成还是手动创建,是,否,2,34,267,
MATERIAL_DATA,维度,锚点落地页,material_anchor_landing_page,锚点落地页的页面内容，咨询锚点不支持查看此字段。,否,否,,34,267,
MATERIAL_DATA,指标,消耗(元),stat_cost,表示单元在投放期内的预估花费金额。当天数据可能会有波动，次日稳定,,,,5,0,
MATERIAL_DATA,指标,展示数,show_cnt,单元展示给用户的次数。计算方式：经平台判定有效且被计费的展示次数。,,,,5,0,
MATERIAL_DATA,指标,平均千次展现费用(元),cpm_platform,单元平均每一千次展现所付出的费用，计算公式是：总消耗/展示数*1000。,,,,5,0,
MATERIAL_DATA,指标,点击数,click_cnt,当用户点击单元素材时，触发点击事件，该事件被认为是一次有效的单元点击。,,,,5,0,
MATERIAL_DATA,指标,点击率,ctr,单元被点击的次数占展示次数的百分比。计算方法：点击数/展示数*100%,,,,5,0,
MATERIAL_DATA,指标,平均点击单价(元),cpc_platform,计算公式是：总消耗/点击数。,,,,5,0,
MATERIAL_DATA,指标,首位消耗,search_first_position_stat_cost,单元投出在搜索结果页第一位的消耗,,,,25,0,
MATERIAL_DATA,指标,转化数(计费时间),attribution_convert_cnt,在转化行为发生（或回传）之后，将转化行为回记到过去30天内的扣费（消耗产生）时间上。 例如：单元在8月20日展示给用户，此时单元花费10元，用户点击单元后于8月23日产生1笔购买，则8月23日这笔购买将会展示在8月20日，8月23日没有转化数。,,,,18,0,
MATERIAL_DATA,指标,转化成本(计费时间),attribution_convert_cost,转化成本(计费时间) = 消耗 / 转化数(计费时间)。例如：单元在8月20日展示给用户，此时单元花费10元，用户点击单元后，于8月23日产生2笔购买，则8月20日的转化成本（计费时间） = 5元（即10元除以2笔）。成本考核和系统赔付以该指标为准。,,,,18,0,
MATERIAL_DATA,指标,转化率(计费时间) ,attribution_conversion_rate,"所选时间范围内的点击产生转化的概率，归因到计费时间。 
转化率(计费时间) = 转化数（计费时间） / 点击数 ",,,,18,0,
MATERIAL_DATA,指标,深度转化数(计费时间),attribution_deep_convert_cnt,在转化行为发生（或回传）之后，将转化行为回记到过去30天内的扣费（消耗产生）时间上。 例如：单元在8月20日展示给用户，此时单元花费10元，用户点击单元后于8月23日产生1笔购买，则8月23日这笔购买将会展示在8月20日。,,,,18,0,
MATERIAL_DATA,指标,深度转化成本(计费时间),attribution_deep_convert_cost,是一个准确的深度转化成本评估指标。计算方式：消耗 / 深度转化数(计费时间)。例如：单元在8月20日展示给用户，此时单元花费10元，用户点击单元后，于 8 月 23 日产生2笔购买，则8月20日的深度转化成本（计费时间） = 5元（即10元除以2笔）。成本考核和系统赔付以该指标为准。,,,,18,0,
MATERIAL_DATA,指标,深度转化率(计费时间),attribution_deep_convert_rate,深度转化数（计费时间）/转化数（计费时间）*100%,,,,18,0,
MATERIAL_DATA,指标,转化数,convert_cnt,按转化事件发生时间统计的转化数。建议客户考核成本时参考“转化数据(计费时间)”，例如您的单元在早上8点进行了展示和点击，用户晚上19点发生了激活行为，我们会把激活数披露在晚上19点。在线索行业中， 表单提交、私信留资、留资咨询、智能电话-确认拨打所对应的事件都会计入单元转化数。,,,,5,0,
MATERIAL_DATA,指标,平均转化成本,conversion_cost,计算方式：总消耗/转化数。当天数据可能会有波动。,,,,5,0,
MATERIAL_DATA,指标,转化率,conversion_rate,单元被用户转化的次数占点击次数的百分比。计算方式：转化数/点击数*100%,,,,5,0,
MATERIAL_DATA,指标,深度转化数,deep_convert_cnt,将深度转化数记录在转化事件发生的时间上。建议客户考核深度转化成本时参考“深度转化数（计费时间）”例如您投放的内容在早上8点进行了展示和点击，用户晚上19点发生了激活行为，我们会把激活数披露在晚上19点。,,,,5,0,
MATERIAL_DATA,指标,深度转化成本,deep_convert_cost,计算方法：总消耗/深度转化数。当天数据可能会有波动，次日早8点后稳定。,,,,5,0,
MATERIAL_DATA,指标,深度转化率,deep_convert_rate,单元被用户进行深度转化的次数占转化次数的百分比。计算方式：深度转化数/转化数*100%,,,,5,0,
MATERIAL_DATA,指标,安卓下载开始数,click_start_cnt,用户在落地页和应用商店中开始安装包下载进程的次数，仅安卓下载可以监测到该行为,,,,5,0,
MATERIAL_DATA,指标,安卓下载开始成本,click_start_cost,计算方法：总花费/安卓下载开始数。,,,,5,0,
MATERIAL_DATA,指标,安卓下载开始率,click_start_rate,计算方法：安卓下载开始数/点击数,,,,5,0,
MATERIAL_DATA,指标,安卓下载完成数,download_finish_cnt,用户在落地页和应用商店中下载安装包进程完成的次数，仅安卓下载可以监测到该行为,,,,5,0,
MATERIAL_DATA,指标,安卓下载完成成本,download_finish_cost,计算方式：总花费/安卓下载完成数。,,,,5,0,
MATERIAL_DATA,指标,安卓下载完成率,download_finish_rate,计算方式：安卓下载完成数/安卓下载开始数,,,,5,0,
MATERIAL_DATA,指标,安卓安装完成数,install_finish_cnt,用户在落地页中将安装包安装完成的次数，仅安卓下载可以监测到该行为。如果您的计划开启了商店直投，则下载相关行为数据有部分无法被监测到，而安装数据不受影响，因此安装数可能会大于下载数。,,,,5,0,
MATERIAL_DATA,指标,安卓安装完成成本,install_finish_cost,计算方式：总花费/安卓安装完成数,,,,5,0,
MATERIAL_DATA,指标,安卓安装完成率,install_finish_rate,计算方式：安卓安装完成数/安卓下载完成数,,,,5,0,
MATERIAL_DATA,指标,激活数,active,如果您对接了API，激活数是您认可且回传成功的的激活数。如果您对接了SDK，则激活数是指用户下载您的APP后打开的次数。,,,,5,0,
MATERIAL_DATA,指标,激活成本（元）,active_cost,计算方式：总花费/激活数。,,,,5,0,
MATERIAL_DATA,指标,激活率,active_rate,计算方式：激活数/点击数*100%,,,,5,0,
MATERIAL_DATA,指标,注册数,active_register,如果您对接了API，注册数是您认可且回传成功的的注册数。如果您对接了SDK，则注册数是用户实现注册行为的次数,,,,5,0,
MATERIAL_DATA,指标,注册成本,active_register_cost,计算公式是：总花费/注册数，当天数据可能会有波动，次日早8点后稳定。,,,,5,0,
MATERIAL_DATA,指标,注册率,active_register_rate,注册用户占激活用户的比例,,,,5,0,
MATERIAL_DATA,指标,关键行为数,game_addiction,有APP内关键行为的用户数量,,,,5,0,
MATERIAL_DATA,指标,关键行为成本,game_addiction_cost,计算公式是总花费/关键行为数。当天数据可能会有波动，次日早8点后稳定。,,,,5,0,
MATERIAL_DATA,指标,关键行为率,game_addiction_rate,关键行为用户占激活用户的比例,,,,5,0,
MATERIAL_DATA,指标,次留数,attribution_next_day_open_cnt,"当日激活用户在第二天继续登录，则计为一个次留行为。该指标会将收到的次留回传数据，匹配到对应的激活时间上。
例如：8月1日有10个激活，其中5个在8月2日继续登录，则8月1日的次留数为5。",,,,18,0,
MATERIAL_DATA,指标,次留成本,attribution_next_day_open_cost,次留成本=消耗/次留数,,,,18,0,
MATERIAL_DATA,指标,次留率,attribution_next_day_open_rate,次留率=次留数/激活数,,,,18,0,
MATERIAL_DATA,指标,次留回传数,next_day_open,根据您通过api或sdk回传给我们的时间为准，将次留数披露在回传时间。,,,,5,0,
MATERIAL_DATA,指标,首次付费数,active_pay,用户在应用内首次完成付费的次数,,,,5,0,
MATERIAL_DATA,指标,首次付费成本,active_pay_cost,用户在应用内首次完成付费的成本，计算方式：消耗/首次付费数。,,,,5,0,
MATERIAL_DATA,指标,首次付费率,active_pay_rate,计算方式：首次付费数/激活数。,,,,5,0,
MATERIAL_DATA,指标,付费次数,game_pay_count,当天用户在应用内完成付费的总次数，多次付费会重复计数。,,,,13,0,
MATERIAL_DATA,指标,付费成本,game_pay_cost,当天用户在应用内完成付费的平均成本，计算方式：消耗/付费次数。,,,,13,0,
MATERIAL_DATA,指标,7日付费次数(激活时间),attribution_game_pay_7d_count,用户激活应用后的7天内，在应用内完成付费的总次数，并将付费次数披露在每个用户的激活时间上。,,,,22,0,
MATERIAL_DATA,指标,7日付费成本(激活时间),attribution_game_pay_7d_cost,用户激活应用后的7天内，在应用内完成付费的平均成本，计算方式：消耗/7日付费次数(激活时间)。,,,,22,0,
MATERIAL_DATA,指标,7日人均付费次数(激活时间),attribution_active_pay_7d_per_count,7天内用户的平均付费次数，计算方式：7日付费次数（激活时间）/7日首次付费数(激活时间)，对首次付费数的统计仅在计划内去重且披露在每个用户的激活时间上。,,,,22,0,
MATERIAL_DATA,指标,APP内访问,in_app_uv,用户调起APP后到达的次数，一般在DPA单元中使用,,,,5,0,
MATERIAL_DATA,指标,APP内访问详情页,in_app_detail_uv,用户调起APP后到达指定详情页的次数，一般在DPA单元中使用,,,,5,0,
MATERIAL_DATA,指标,APP内加入购物车,in_app_cart,用户调起APP后加入购物车的次数，一般在DPA单元中使用,,,,5,0,
MATERIAL_DATA,指标,APP内付费,in_app_pay,用户调起APP后完成付费的次数，一般在DPA单元中使用,,,,5,0,
MATERIAL_DATA,指标,APP内下单,in_app_order,用户调起APP后提交订单的次数，一般在DPA单元中使用,,,,5,0,
MATERIAL_DATA,指标,2日留存数,attribution_retention_2d_cnt,所选时间范围内激活用户在激活后第2天留存的数量,,,,22,0,
MATERIAL_DATA,指标,3日留存数,attribution_retention_3d_cnt,所选时间范围内激活用户在激活后第3天留存的数量,,,,22,0,
MATERIAL_DATA,指标,4日留存数,attribution_retention_4d_cnt,所选时间范围内激活用户在激活后第4天留存的数量,,,,22,0,
MATERIAL_DATA,指标,5日留存数,attribution_retention_5d_cnt,所选时间范围内激活用户在激活后第5天留存的数量,,,,22,0,
MATERIAL_DATA,指标,6日留存数,attribution_retention_6d_cnt,所选时间范围内激活用户在激活后第6天留存的数量,,,,22,0,
MATERIAL_DATA,指标,7日留存数,attribution_retention_7d_cnt,当日激活用户在7日内继续登录，则计为一个7日留存。,,,,22,0,
MATERIAL_DATA,指标,2日留存成本,attribution_retention_2d_cost,所选时间范围内激活后第2天仍留存用户的获取成本,,,,22,0,
MATERIAL_DATA,指标,3日留存成本,attribution_retention_3d_cost,所选时间范围内激活后第3天仍留存用户的获取成本,,,,22,0,
MATERIAL_DATA,指标,4日留存成本,attribution_retention_4d_cost,所选时间范围内激活后第4天仍留存用户的获取成本,,,,22,0,
MATERIAL_DATA,指标,5日留存成本,attribution_retention_5d_cost,所选时间范围内激活后第5天仍留存用户的获取成本,,,,22,0,
MATERIAL_DATA,指标,6日留存成本,attribution_retention_6d_cost,所选时间范围内激活后第6天仍留存用户的获取成本,,,,22,0,
MATERIAL_DATA,指标,7日留存成本,attribution_retention_7d_cost,7日留存成本=消耗/7日留存数,,,,22,0,
MATERIAL_DATA,指标,2日留存率,attribution_retention_2d_rate,当日激活用户在2日内继续登录，则计为一个2日留存。2日留存率=2日留存数/激活数,,,,22,0,
MATERIAL_DATA,指标,3日留存率,attribution_retention_3d_rate,当日激活用户在3日内继续登录，则计为一个3日留存。3日留存率=3日留存数/激活数,,,,22,0,
MATERIAL_DATA,指标,4日留存率,attribution_retention_4d_rate,当日激活用户在4日内继续登录，则计为一个4日留存。4日留存率=4日留存数/激活数,,,,22,0,
MATERIAL_DATA,指标,5日留存率,attribution_retention_5d_rate,当日激活用户在5日内继续登录，则计为一个5日留存。5日留存率=5日留存数/激活数,,,,22,0,
MATERIAL_DATA,指标,6日留存率,attribution_retention_6d_rate,当日激活用户在6日内继续登录，则计为一个6日留存。6日留存率=6日留存数/激活数,,,,22,0,
MATERIAL_DATA,指标,7日留存率,attribution_retention_7d_rate,当日激活用户在7日内继续登录，则计为一个7日留存。7日留存率=7日留存数/激活数,,,,22,0,
MATERIAL_DATA,指标,7日留存总数,attribution_retention_7d_sum_cnt,所选时间范围内激活用户在激活后第1天-第7天留存的总量,,,,22,0,
MATERIAL_DATA,指标,7日留存总成本,attribution_retention_7d_total_cost,"所选时间范围内激活后7日内留存用户的获取成本。
建议仅查看已完整回传7日内留存数据的指标，否则会导致数值偏高影响投放判断。
留存成本 = 消耗 / 7日内留存天数总量 =  消耗 / （次留量+2留量+3留量+4留量+5留量+6留量+7留量）。",,,,22,0,
MATERIAL_DATA,指标,付费金额(回传时间),stat_pay_amount,当您使用 “active_pay”事件回传付费金额时，平台所统计的付费金额总数。数据记录在平台收到回传事件的时间。,,,,25,0,
MATERIAL_DATA,指标,付费ROI(回传时间),pay_amount_roi,付费金额(回传时间)/消耗,,,,25,0,
MATERIAL_DATA,指标,计费当日付费金额,attribution_billing_game_in_app_ltv_1day,所选时间范围内计费对应的用户，计费当日在APP内的付费金额总和。,,,,25,0,
MATERIAL_DATA,指标,计费二日内付费金额,attribution_billing_game_in_app_ltv_2days,所选时间范围内计费对应的用户，计费二日内(含计费当日)在APP内的付费金额总和。,,,,25,0,
MATERIAL_DATA,指标,计费三日内付费金额,attribution_billing_game_in_app_ltv_3days,所选时间范围内计费对应的用户，计费三日内(含计费当日)在APP内的付费金额总和。,,,,25,0,
MATERIAL_DATA,指标,计费四日内付费金额,attribution_billing_game_in_app_ltv_4days,所选时间范围内计费对应的用户，计费四日内(含计费当日)在APP内的付费金额总和。,,,,25,0,
MATERIAL_DATA,指标,计费五日内付费金额,attribution_billing_game_in_app_ltv_5days,所选时间范围内计费对应的用户，计费五日内(含计费当日)在APP内的付费金额总和。,,,,25,0,
MATERIAL_DATA,指标,计费六日内付费金额,attribution_billing_game_in_app_ltv_6days,所选时间范围内计费对应的用户，计费六日内(含计费当日)在APP内的付费金额总和。,,,,25,0,
MATERIAL_DATA,指标,计费七日内付费金额,attribution_billing_game_in_app_ltv_7days,所选时间范围内计费对应的用户，计费七日内(含计费当日)在APP内的付费金额总和。,,,,25,0,
MATERIAL_DATA,指标,计费当日付费ROI,attribution_billing_game_in_app_roi_1day,所选时间范围内计费对应的用户在计费当日的所有付费ROI，计算方式：计费当日付费金额/消耗。,,,,25,0,
MATERIAL_DATA,指标,计费二日内付费ROI,attribution_billing_game_in_app_roi_2days,所选时间范围内计费对应的用户在计费二日内(含计费当日)的所有付费ROI，计算方式：计费二日内付费金额/消耗。,,,,25,0,
MATERIAL_DATA,指标,计费三日内付费ROI,attribution_billing_game_in_app_roi_3days,所选时间范围内计费对应的用户在计费三日内(含计费当日)的所有付费ROI，计算方式：计费三日内付费金额/消耗。,,,,25,0,
MATERIAL_DATA,指标,计费四日内付费ROI,attribution_billing_game_in_app_roi_4days,所选时间范围内计费对应的用户在计费四日内(含计费当日)的所有付费ROI，计算方式：计费四日内付费金额/消耗。,,,,25,0,
MATERIAL_DATA,指标,计费五日内付费ROI,attribution_billing_game_in_app_roi_5days,所选时间范围内计费对应的用户在计费五日内(含计费当日)的所有付费ROI，计算方式：计费五日内付费金额/消耗。,,,,25,0,
MATERIAL_DATA,指标,计费六日内付费ROI,attribution_billing_game_in_app_roi_6days,所选时间范围内计费对应的用户在计费六日内(含计费当日)的所有付费ROI，计算方式：计费六日内付费金额/消耗。,,,,25,0,
MATERIAL_DATA,指标,计费七日内付费ROI,attribution_billing_game_in_app_roi_7days,所选时间范围内计费对应的用户在计费七日内(含计费当日)的所有付费ROI，计算方式：计费七日内付费金额/消耗。,,,,25,0,
MATERIAL_DATA,指标,点击电话按钮,phone,用户点击POI页面的电话按钮的次数,,,,10,0,
MATERIAL_DATA,指标,表单提交,form,用户在门店落地页多线沟通提交表单的次数,,,,10,0,
MATERIAL_DATA,指标,附加创意表单提交,form_submit,用户查看创意的附加创意后，提交表单的次数,,,,10,0,
MATERIAL_DATA,指标,地图搜索,map,用户进行地图搜索的次数,,,,10,0,
MATERIAL_DATA,指标,按钮button,button,用户点击按钮button的次数,,,,10,0,
MATERIAL_DATA,指标,关键页面浏览,view,用户在关键页面的浏览次数,,,,10,0,
MATERIAL_DATA,指标,下载开始,download_start,用户点击下载开始的次数,,,,10,0,
MATERIAL_DATA,指标,QQ咨询,qq,用户点击QQ咨询按钮的次数,,,,10,0,
MATERIAL_DATA,指标,抽奖,lottery,用户点击抽奖按钮的次数,,,,10,0,
MATERIAL_DATA,指标,投票,vote,用户点击投票按钮的次数,,,,10,0,
MATERIAL_DATA,指标,短信咨询,message,用户点击短信咨询的次数,,,,10,0,
MATERIAL_DATA,指标,页面跳转,redirect,用户跳转至其他页面的次数,,,,10,0,
MATERIAL_DATA,指标,商品购买,shopping,用户购买商品的次数,,,,10,0,
MATERIAL_DATA,指标,在线咨询,consult,用户点击在线咨询按钮的次数,,,,10,0,
MATERIAL_DATA,指标,有效咨询,consult_effective,用户在门店落地页多线沟通的在线咨询中有效咨询的次数,,,,10,0,
MATERIAL_DATA,指标,智能电话-确认拨打,phone_confirm,用户点击确认拨打电话按钮的次数,,,,10,0,
MATERIAL_DATA,指标,智能电话-确认接通,phone_connect,用户在门店落地页点击多线沟通的电话按钮并接通的次数,,,,10,0,
MATERIAL_DATA,指标,智能电话-有效接通,phone_effective,用户在门店落地页点击多线沟通的电话按钮并有效接通的次数,,,,18,0,
MATERIAL_DATA,指标,建站卡券领取,coupon,用户点击POI页面卡券领取按钮的次数,,,,10,0,
MATERIAL_DATA,指标,卡券页领取,coupon_single_page,用户点击卡券页领取按钮的次数,,,,10,0,
MATERIAL_DATA,指标,调起店铺,redirect_to_shop,用户调起第三方店铺的次数,,,,10,0,
MATERIAL_DATA,指标,查看店铺地址,poi_address_click,用户点击顶部地图图标区域展开详细地图/点击图片下方地址展开详细地图/点击图片下方地址展开详细地图的次数,,,,10,0,
MATERIAL_DATA,指标,店铺收藏,poi_collect,用户点击POI页面的收藏按钮的次数,,,,10,0,
MATERIAL_DATA,指标,有效获客,customer_effective,有效获客是指用户完成了有价值动作的次数，其中动作支持您自定义。例如：您可将表单提交后用户的进一步行为，自定义为有效获客。,,,,22,0,
MATERIAL_DATA,指标,有效获客(计费时间),attribution_customer_effective,有效获客是指用户完成了有价值动作的次数，其中动作支持您自定义。例如：您可将表单提交后用户的进一步行为，自定义为有效获客。计费时间是指：在行为发生（或回传）后，将对应的行为回记到过去30天内的扣费（消耗产生）时间上。,,,,22,0,
MATERIAL_DATA,指标,有效获客成本(计费时间),attribution_customer_effective_cost,消耗/有效获客(计费时间) 计费时间是指：在行为发生（或回传）后，将对应的行为回记到过去30天内的扣费（消耗产生）时间上。,,,,22,0,
MATERIAL_DATA,指标,支付-存在意向(计费时间),attribution_clue_pay_succeed,存在意向是指用户支付了小额订单的次数。计费时间是指：在行为发生（或回传）后，将对应的行为回记到过去30天内的扣费（消耗产生）时间上。,,,,22,0,
MATERIAL_DATA,指标,存在意向成本(计费时间),attribution_clue_pay_succeed_cost,消耗/支付-存在意向  计费时间是指：在行为发生（或回传）后，将对应的行为回记到过去30天内的扣费（消耗产生）时间上。,,,,22,0,
MATERIAL_DATA,指标,回访-加为好友(计费时间),attribution_clue_interflow,加为好友是指在回访之后，添加用户好友的次数。计费时间是指：在行为发生（或回传）后，将对应的行为回记到过去30天内的扣费（消耗产生）时间上。,,,,22,0,
MATERIAL_DATA,指标,加为好友成本(计费时间),attribution_clue_interflow_cost,消耗/回访-加为好友(计费时间) 计费时间是指：在行为发生（或回传）后，将对应的行为回记到过去30天内的扣费（消耗产生）时间上。,,,,22,0,
MATERIAL_DATA,指标,回访-高潜成交(计费时间),attribution_clue_high_intention,高潜成交是指在回访之后，被判定为有较高成交潜力的客户。计费时间是指：在行为发生（或回传）后，将对应的行为回记到过去30天内的扣费（消耗产生）时间上。,,,,22,0,
MATERIAL_DATA,指标,高潜成交成本(计费时间),attribution_clue_high_intention_cost,消耗/回访-高潜成交成本(计费时间) 计费时间是指：在行为发生（或回传）后，将对应的行为回记到过去30天内的扣费（消耗产生）时间上。,,,,22,0,
MATERIAL_DATA,指标,微信复制,wechat,用户通过长按复制微信号的次数,,,,10,0,
MATERIAL_DATA,指标,留咨咨询,consult_clue,用户在门店落地页多线沟通的在线咨询中留资咨询的次数,,,,25,0,
MATERIAL_DATA,指标,回访-信息确认(计费时间),attribution_clue_confirm,信息确认是指在回访之后，用户进行了信息确认的次数。计费时间是指：在行为发生（或回传）后，将对应的行为回记到过去30天内的扣费（消耗产生）时间上。,,,,22,0,
MATERIAL_DATA,指标,信息确认成本(计费时间),attribution_clue_confirm_cost,消耗/回访-信息确认(计费时间) 计费时间是指：在行为发生（或回传）后，将对应的行为回记到过去30天内的扣费（消耗产生）时间上。,,,,22,0,
MATERIAL_DATA,指标,企业微信添加好友数(计费时间),attribution_work_wechat_added_count,用户扫描二维码，成功添加商家的企业微信的用户人数。计费时间是指：在行为发生（或回传）后，将对应的行为回记到过去30天内的扣费（消耗产生）时间上。,,,,25,0,
MATERIAL_DATA,指标,私信留资数,clue_message_count,用户在抖音号私信中留下线索（如号码、微信等）的次数,,,,25,0,
MATERIAL_DATA,指标,企业微信取消好友数(计费时间),attribution_work_wechat_unfriend_count,取消和单元客户员工企业微信的好友关系的用户人数。计费时间是指：在行为发生（或回传）后，将对应的行为回记到过去30天内的扣费（消耗产生）时间上。,,,,25,0,
MATERIAL_DATA,指标,接通线索数(计费时间),attribution_clue_connected_count,接通线索数是指拨打且接通的线索数。计费时间是指在行为发生（或回传）后，将对应的行为回记到过去30天内的扣费（消耗产生）时间上。例如：单元在10月1日发生消耗，实际客服给用户拨打并接通时间为10月2日，则该接通线索会记为10月1日的接通线索数，而非10月2日。,,,,25,0,
MATERIAL_DATA,指标,接通成本(计费时间),attribution_clue_connected_cost,计算方式：消耗/接通线索数(计费时间)。计费时间是指在行为发生（或回传）后，将对应的行为回记到过去30天内的扣费（消耗产生）时间上。,,,,25,0,
MATERIAL_DATA,指标,接通率(计费时间),attribution_clue_connected_rate,计算方式：接通线索数(计费时间)/表单提交数(计费时间)。计费时间是指在行为发生（或回传）后，将对应的行为回记到过去30天内的扣费（消耗产生）时间上。,,,,25,0,
MATERIAL_DATA,指标,表单提交(计费时间),attribution_form,表单提交是指用户在落地页多线沟通提交表单的次数。计费时间是指在行为发生（或回传）后，将对应的行为回记到过去30天内的扣费（消耗产生）时间上。例如：单元在10月1日发生消耗，用户提交表单时间为10月2日，则该表单提交会记为10月1日的表单提交数，而非10月2日。,,,,25,0,
MATERIAL_DATA,指标,表单提交数(包含附加创意表单数),form_and_submit_count,表单提交和附加创意表单提交之和,,,,10,0,
MATERIAL_DATA,指标,表单提交成本(包含附加创意表单数),form_and_submit_cost,消耗/表单提交数(包含附加创意表单数),,,,10,0,
MATERIAL_DATA,指标,意向表单数,intention_form_and_submit_count,意向表单数为用户完成意向表单填写且满足投放账户意向定义的表单数,,,,10,0,
MATERIAL_DATA,指标,意向表单成本,intention_form_and_submit_cost,消耗/意向表单数,,,,10,0,
MATERIAL_DATA,指标,小程序/小游戏当日LTV,attribution_micro_game_0d_ltv,所选时间范围内的激活用户在激活当日的变现金额,,,,22,0,
MATERIAL_DATA,指标,小程序/小游戏激活后三日LTV,attribution_micro_game_3d_ltv,所选时间范围内的激活用户在激活后三日内的变现金额,,,,22,0,
MATERIAL_DATA,指标,小程序/小游戏激活后七日LTV,attribution_micro_game_7d_ltv,所选时间范围内的激活用户在激活后七日内的变现金额,,,,22,0,
MATERIAL_DATA,指标,小程序/小游戏当日变现ROI,attribution_micro_game_0d_roi,所选时间范围内的激活用户在激活当日的变现ROI，计算公式是：当日LTV / 所选时间的消耗,,,,22,0,
MATERIAL_DATA,指标,小程序/小游戏激活后三日变现ROI,attribution_micro_game_3d_roi,所选时间范围内的激活用户在激活后三日内的变现ROI，计算公式是：三日LTV / 所选时间的消耗,,,,22,0,
MATERIAL_DATA,指标,小程序/小游戏激活后七日变现ROI,attribution_micro_game_7d_roi,所选时间范围内的激活用户在激活后七日内的变现ROI，计算公式是：七日LTV / 所选时间的消耗,,,,22,0,
MATERIAL_DATA,指标,当日付费金额,attribution_game_in_app_ltv_1day,所选时间范围内的激活用户，激活当日在APP内的付费金额。,,,,22,0,
MATERIAL_DATA,指标,激活后一日付费金额,attribution_game_in_app_ltv_2days,所选时间范围内的激活用户，激活后一天内在APP内的付费金额总和。该指标隔日产出，并做了模糊化处理。,,,,22,0,
MATERIAL_DATA,指标,激活后二日付费金额,attribution_game_in_app_ltv_3days,所选时间范围内的激活用户，激活后二天内在APP内的付费金额总和。该指标隔日产出，并做了模糊化处理。,,,,22,0,
MATERIAL_DATA,指标,激活后三日付费金额,attribution_game_in_app_ltv_4days,所选时间范围内的激活用户，激活后三天内在APP内的付费金额总和。该指标隔日产出，并做了模糊化处理。,,,,22,0,
MATERIAL_DATA,指标,激活后四日付费金额,attribution_game_in_app_ltv_5days,所选时间范围内的激活用户，激活后四天内在APP内的付费金额总和。该指标隔日产出，并做了模糊化处理。,,,,22,0,
MATERIAL_DATA,指标,激活后五日付费金额,attribution_game_in_app_ltv_6days,所选时间范围内的激活用户，激活后五天内在APP内的付费金额总和。,,,,22,0,
MATERIAL_DATA,指标,激活后六日付费金额,attribution_game_in_app_ltv_7days,所选时间范围内的激活用户，激活后六天内在APP内的付费金额总和。该指标隔日产出，并做了模糊化处理。,,,,22,0,
MATERIAL_DATA,指标,激活后七日付费金额,attribution_game_in_app_ltv_8days,所选时间范围内的激活用户，激活后七天内在APP内的付费金额总和。该指标隔日产出，并做了模糊化处理。,,,,22,0,
MATERIAL_DATA,指标,当日付费ROI,attribution_game_in_app_roi_1day,所选时间范围内的激活用户在激活当日的付费ROI，计算公式是：当日付费金额/所选时间的消耗。,,,,22,0,
MATERIAL_DATA,指标,激活后一日付费ROI,attribution_game_in_app_roi_2days,所选时间范围内的激活用户在激活后一日内的所有付费ROI，计算公式是：激活后一日付费金额/所选时间的消耗。该指标隔日产出，并做了模糊化处理。,,,,22,0,
MATERIAL_DATA,指标,激活后二日付费ROI,attribution_game_in_app_roi_3days,所选时间范围内的激活用户在激活后二日内的所有付费ROI，计算公式是：激活后二日付费金额/所选时间的消耗。,,,,22,0,
MATERIAL_DATA,指标,激活后三日付费ROI,attribution_game_in_app_roi_4days,所选时间范围内的激活用户在激活后三日内的所有付费ROI，计算公式是：激活后三日付费金额/所选时间的消耗。,,,,22,0,
MATERIAL_DATA,指标,激活后四日付费ROI,attribution_game_in_app_roi_5days,所选时间范围内的激活用户在激活后四日内的所有付费ROI，计算公式是：激活后四日付费金额/所选时间的消耗。,,,,22,0,
MATERIAL_DATA,指标,激活后五日付费ROI,attribution_game_in_app_roi_6days,所选时间范围内的激活用户在激活后五日内的所有付费ROI，计算公式是：激活后五日付费金额/所选时间的消耗。,,,,22,0,
MATERIAL_DATA,指标,激活后六日付费ROI,attribution_game_in_app_roi_7days,所选时间范围内的激活用户在激活后六日内的所有付费ROI，计算公式是：激活后六日付费金额/所选时间的消耗。,,,,22,0,
MATERIAL_DATA,指标,激活后七日付费ROI,attribution_game_in_app_roi_8days,所选时间范围内的激活用户在激活后七日内的整体付费ROI，计算公式是：激活后七日付费金额/所选时间的消耗。,,,,22,0,
MATERIAL_DATA,指标,计费当日激活且首次付费数,attribution_day_active_pay_count,单元计费当日激活且首次付费的次数,,,,17,0,
MATERIAL_DATA,指标,计费当日激活且首次付费率,attribution_day_active_pay_rate,计费当日激活且首次付费数/激活数,,,,17,0,
MATERIAL_DATA,指标,计费当日激活且首次付费成本,attribution_day_active_pay_cost,消耗/计费当日激活且首次付费数,,,,17,0,
MATERIAL_DATA,指标,激活当日首次付费数,active_pay_intra_day_count,当日发生激活且首次付费的次数,,,,17,0,
MATERIAL_DATA,指标,激活当日首次付费成本,active_pay_intra_day_cost,消耗/激活当日首次付费数,,,,17,0,
MATERIAL_DATA,指标,激活当日首次付费率,active_pay_intra_day_rate,激活当日首次付费数/激活数,,,,17,0,
MATERIAL_DATA,指标,首次付费后24h内付费金额,first_pay_intra_24hour_amount,所选时间范围内的激活用户，付费24小时内在APP内的付费金额总和。该指标隔日产出。,,,,25,0,
MATERIAL_DATA,指标,首次付费后24h付费ROI,first_pay_intra_24hour_roi,所选时间范围内的激活用户，在付费24小时内的所有付费ROI。计算公式是：付费24小时内的付费金额/所选时间的消耗。该指标隔日产出。,,,,25,0,
MATERIAL_DATA,指标,激活后24h首次付费数,attribution_active_pay_intra_one_day_count,激活事件发生后24小时首次付费数，归因到激活时间,,,,22,0,
MATERIAL_DATA,指标,激活后24h首次付费成本,attribution_active_pay_intra_one_day_cost,消耗/激活后24小时首次付费数,,,,22,0,
MATERIAL_DATA,指标,激活后24h首次付费率,attribution_active_pay_intra_one_day_rate,激活后24小时首次付费数/激活数,,,,22,0,
MATERIAL_DATA,指标,激活后24h付费金额,attribution_active_pay_intra_one_day_amount,激活24小时内app付费金额,,,,22,0,
MATERIAL_DATA,指标,激活后24h付费ROI,attribution_active_pay_intra_one_day_roi,激活24小时内的付费金额/消耗,,,,22,0,
MATERIAL_DATA,指标,完件数,loan_completion,互联网金融-贷款行业中，用户成功提交贷款额度申请的行为,,,,10,0,
MATERIAL_DATA,指标,完件成本,loan_completion_cost,计算方式：总花费／完件数。当天数据可能会有波动，次日早8点后稳定。,,,,10,0,
MATERIAL_DATA,指标,完件率,loan_completion_rate,计算方式：完件数／注册数,,,,10,0,
MATERIAL_DATA,指标,预授信数,pre_loan_credit,互联网金融-贷款行业中，用户提交一部分个人信息后，客户初步审批通过，并引导用户进行更加详细的信息填写以完成最终授信,,,,10,0,
MATERIAL_DATA,指标,预授信成本,pre_loan_credit_cost,计算方式：总花费／预授信数。当天数据可能会有波动，次日早8点后稳定。,,,,10,0,
MATERIAL_DATA,指标,授信数,loan_credit,互联网金融-贷款行业中，用户提交贷款额度申请后，客户审批通过，给予用户可贷款的额度,,,,10,0,
MATERIAL_DATA,指标,授信成本,loan_credit_cost,计算方式：总花费／授信数。当天数据可能会有波动，次日早8点后稳定。,,,,10,0,
MATERIAL_DATA,指标,授信率,loan_credit_rate,计算方式：授信数／完件数,,,,10,0,
MATERIAL_DATA,指标,正价课购买数（计费时间）,attribution_conversion_class_count,购买低价课后完成正价课购买的用户人数。计费时间是指在行为发生（或回传）后，将对应的行为回记到过去30天内的扣费（消耗产生）时间上。,,,,25,0,
MATERIAL_DATA,指标,到课数,first_class_count,财商课体验课出席第一次课的用户人数,,,,25,0,
MATERIAL_DATA,指标,二次课到课数,second_class_count,财商课体验课出席第二次课的用户人数,,,,25,0,
MATERIAL_DATA,指标,企业微信用户首次消息数(计费时间),attribution_work_wechat_dialog_count,所选时间范围内的微信用户首次消息数之和。计费时间是指：在行为发生（或回传）后，将对应的行为回记到过去30天内的扣费（消耗产生）时间上。,,,,22,0,
MATERIAL_DATA,指标,微信内付费数,in_wechat_pay_count,用户添加微信成功（金融行业）,,,,25,0,
MATERIAL_DATA,指标,微信取关数,unfollow_in_wechat_count,取消客户企业号和个人号关注的用户数（金融行业）,,,,25,0,
MATERIAL_DATA,指标,银行卡信息填写完成数,bankcard_information_count,留下银行卡信息的用户人数,,,,25,0,
MATERIAL_DATA,指标,补充个人信息填写完成数,personal_information_count,完成个人信息补充的用户人数,,,,25,0,
MATERIAL_DATA,指标,用户活体认证信息上传完成数,certification_information_count,完成活体认证的用户人数,,,,25,0,
MATERIAL_DATA,指标,高价值授信数,high_loan_credit_count,高质量用户的授信,,,,25,0,
MATERIAL_DATA,指标,次级授信数,low_loan_credit_count,低质量用户的授信,,,,25,0,
MATERIAL_DATA,指标,保险支付数,premium_payment_count,用户完成保险支付的总次数,,,,25,0,
MATERIAL_DATA,指标,保险支付成本,premium_payment_cost,总花费/保险支付总次数,,,,25,0,
MATERIAL_DATA,指标,保险支付ROI,insurance_lt_roi,所选时间范围内的保险支付ROI，计算公式：保费金额*经验系数/消耗。该指标暂时只支持深度转化目标是保险ROI出价的计划。,,,,25,0,
MATERIAL_DATA,指标,放款数,loan,互联网金融-贷款行业中，用户的贷款申请通过审批并发放到用户,,,,25,0,
MATERIAL_DATA,指标,放款成本,loan_cost,计算方式：总花费/放款数。当天数据可能会有波动，次日早8点后稳定,,,,25,0,
MATERIAL_DATA,指标,放款率,loan_rate,计算方式：放款数/授信数,,,,25,0,
MATERIAL_DATA,指标,开户数,open_account_count,成功开户的用户人数,,,,25,0,
MATERIAL_DATA,指标,M2内退保数,withdraw_m2_count,在保险M2期内退保的用户数,,,,25,0,
MATERIAL_DATA,指标,财富小单成交,small_amount_pay_count,金融财富行业中，用户完成小额订单成交。,,,,25,0,
MATERIAL_DATA,指标,引流电商订单GMV,in_app_order_gmv,当您使用“in_app_order”事件回传订单金额时，对应的GMV金额,,,,22,0,
MATERIAL_DATA,指标,引流电商订单ROI,in_app_order_roi,引流电商订单GMV/消耗,,,,22,0,
MATERIAL_DATA,指标,引流电商支付GMV,in_app_pay_gmv,当您使用“in_app_pay”事件回传支付金额时，对应的GMV金额,,,,22,0,
MATERIAL_DATA,指标,引流电商支付ROI,in_app_pay_roi,引流电商支付GMV/消耗,,,,22,0,
MATERIAL_DATA,指标,乘客首次下单数,first_rental_order_count,出行行业乘客在应用内首次成功下单的数量,,,,21,0,
MATERIAL_DATA,指标,乘客首次支付数,commute_first_pay_count,出行行业乘客在应用内首次成功支付订单的数量,,,,21,0,
MATERIAL_DATA,指标,司机首次完单数,first_order_count,出行行业司机在应用内首次成功完成订单的数量,,,,21,0,
MATERIAL_DATA,指标,提交身份认证数,submit_certification_count,出行行业司机在应用内提交身份认证的次数,,,,21,0,
MATERIAL_DATA,指标,通过身份认证数,approval_count,出行行业司机在应用内成功通过身份认证的次数,,,,21,0,
MATERIAL_DATA,指标,播放量,total_play,播放时间大于0S的数量，在某些蜂窝网络环境下，需要您手动点击开始才会开始播放，因此有时播放数小于展示数。,,,,5,0,
MATERIAL_DATA,指标,3秒播放数,play_duration_3s,单元播放时间大于等于3秒的数量，如果视频总时长不足3秒，则记录播放完成的次数。,,,,18,0,
MATERIAL_DATA,指标,有效播放数,valid_play,竞价单元播放时间大于等于10秒的数量，如果视频总时长不足10秒，则记录播放完成的次数。品牌单元在部分APP（头条、头条lite、抖音、西瓜、抖音火山版、皮皮虾）播放时间大于等于5秒的数量，在其他APP大于等于3秒的数量，如果视频总时长不足5秒/3秒时，则记录播放完成的次数。,,,,5,0,
MATERIAL_DATA,指标,有效播放成本,valid_play_cost,计算公式：总花费/有效播放数，当天数据可能会有波动，次日早8点后稳定。,,,,5,0,
MATERIAL_DATA,指标,有效播放率,valid_play_rate,计算公式：有效播放数/展示数。,,,,5,0,
MATERIAL_DATA,指标,千次有效播放数,valid_play_of_mille,有效播放数/1000，其中有效播放数是指，竞价单元播放时间大于等于 10 秒的数量，如果视频总时长不足 10 秒，则记录播放完成的次数；品牌单元在部分 APP（头条、头条 lite、抖音、西瓜、抖音火山版、皮皮虾）播放时间大于等于 5s 的数量，在其他 APP 大于等于 3s 的数量，如果视频总时长不足 5s/3s 时，则记录播放完成的次数。,,,,5,0,
MATERIAL_DATA,指标,千次有效播放成本,valid_play_cost_of_mille,总花费/千次有效播放数，当天数据可能会有波动，次日早 8 点后稳定。,,,,5,0,
MATERIAL_DATA,指标,25%进度播放数,play_25_feed_break,用户播放至视频长度25%及以上的次数，包括跳跃播放至此长度的播放次数,,,,10,0,
MATERIAL_DATA,指标,50%进度播放数,play_50_feed_break,用户播放至视频长度50%及以上的次数，包括跳跃播放至此长度的播放次数,,,,10,0,
MATERIAL_DATA,指标,75%进度播放数,play_75_feed_break,用户播放至视频长度75%及以上的次数，包括跳跃播放至此长度的播放次数,,,,10,0,
MATERIAL_DATA,指标,99%进度播放数,play_99_feed_break,用户播放至视频长度99%及以上的次数，包括跳跃播放至此长度的播放次数,,,,10,0,
MATERIAL_DATA,指标,平均单次播放时长,average_play_time_per_play,计算方法：视频播放总实际时长／播放总次数（不包含跳跃的时长）,,,,10,0,
MATERIAL_DATA,指标,完播率,play_over_rate,计算公式：播放完成数/播放数。,,,,10,0,
MATERIAL_DATA,指标,WiFi播放占比,wifi_play_rate,在wifi环境下视频的播放数/视频播放总数,,,,10,0,
MATERIAL_DATA,指标,3秒卡片展现数,card_show,对于视频卡片类单元，在视频播放到3秒时进行卡片展现的数量。,,,,10,0,
MATERIAL_DATA,指标,点赞数,dy_like,单元被用户点赞的数量,,,,5,0,
MATERIAL_DATA,指标,评论量,dy_comment,用户在评论区对单元创意输入评论并点击提交的次数，仅限有评论区的APP（西瓜目前没有评论区）,,,,5,0,
MATERIAL_DATA,指标,分享量,dy_share,用户把单元分享到其他社交媒体的次数，成功完成一次分享行为记一次分享数,,,,5,0,
MATERIAL_DATA,指标,不感兴趣数,dislike_cnt,用户点击对单元不感兴趣的反馈的行为数量。,,,,18,0,
MATERIAL_DATA,指标,举报数,report_cnt,用户认为单元质量较差而点击举报的行为数量。,,,,18,0,
MATERIAL_DATA,指标,挑战赛查看数,ies_challenge_click,抖音单元中，用户点击挑战赛查看的数量,,,,10,0,
MATERIAL_DATA,指标,音乐查看数,ies_music_click,抖音单元中，用户点击音乐查看的数量,,,,10,0,
MATERIAL_DATA,指标,POI点击数,location_click,抖音单元中，用户点击POI组件的次数，一般出现在信息流或评论页面。POI为Point of Interest缩写,,,,10,0,
MATERIAL_DATA,指标,3秒播放率,play_duration_3s_rate,计算公式：播放时长超过3秒的次数/播放数，播放时长以播放终止时所在的视频时长来计算，包含拖拽等行为。,,,,18,0,
MATERIAL_DATA,指标,主页访问量,dy_home_visited,点击单元头像进入主页进行访问的次数，目前抖音、头条号外、抖音火山版可进行主页访问,,,,9,0,
MATERIAL_DATA,指标,粉丝量,dy_follow,单元被受众新增关注的数量，目前抖音、头条号外、微头条、抖音火山版可新增关注,,,,9,0,
MATERIAL_DATA,指标,私信开口数,message_action,进入私信聊天页面的且实际发送消息的用户数，单个用户多次发送消息只计算一次,,,,14,0,
MATERIAL_DATA,指标,落地页访问量,click_landing_page,用户在投放账户抖音号主页内访问落地页的次数,,,,14,0,
MATERIAL_DATA,指标,主页商品橱窗访问量,click_shopwindow,用户在投放账户抖音号主页中访问商品橱窗的次数,,,,14,0,
MATERIAL_DATA,指标,主页内落地页访问量,click_website,用户在投放账户抖音号主页内访问落地页的次数,,,,14,0,
MATERIAL_DATA,指标,主页内电话拨打点击量,click_call_dy,用户在投放账户抖音号主页内点击电话拨打的次数,,,,14,0,
MATERIAL_DATA,指标,主页下载链接点击量,click_download,用户在投放账户抖音号主页内点击下载的次数,,,,14,0,
MATERIAL_DATA,指标,直播间观看数,luban_live_enter_cnt,用户进入您直播间的次数,,,,14,0,
MATERIAL_DATA,指标,直播间关注数,luban_live_follow_cnt,您的直播间新增的关注数，目前仅支持鲁班直播、内容营销直播、品牌Feeds Live直播和品牌TopLive直播,,,,14,0,
MATERIAL_DATA,指标,直播间分享数,luban_live_share_cnt,用户在您的直播间点击分享到其他社交媒体的次数，目前仅支持鲁班直播、内容营销直播、品牌Feeds Live直播和品牌TopLive直播,,,,22,0,
MATERIAL_DATA,指标,直播间评论数,luban_live_comment_cnt,用户在您的直播间输入评论并点击发送消息的次数，目前仅支持鲁班直播、内容营销直播、品牌Feeds Live直播和品牌TopLive直播,,,,22,0,
MATERIAL_DATA,指标,直播间打赏次数,luban_live_gift_cnt,用户在您的直播间成功打赏的次数，目前仅支持鲁班直播、内容营销直播、品牌Feeds Live直播和品牌TopLive直播,,,,22,0,
MATERIAL_DATA,指标,直播间礼物总金额,luban_live_gift_amount,用户在您的直播间打赏的总金额，单位：音浪。目前仅支持鲁班直播、抖音号推广直播、品牌Feeds Live直播和品牌TopLive直播,,,,22,0,
MATERIAL_DATA,指标,页面访问量,pv,该落地页被访问的次数,,,,34,0,
MATERIAL_DATA,指标,用户访问数,uv,访问该落地页的用户人数（即每天页面访问量按人数去重，跨天不去重）,,,,34,0,
MATERIAL_DATA,指标,平均加载时长  ,avg_load_duration,"从打开页面到页面所有图片和视频加载完成的平均时间
",,,,34,0,
MATERIAL_DATA,指标,首屏跳失数 ,bounced_count,打开页面后，无点击、滑动等任何行为就离开的访问量（包括未加载完成就退出的访问),,,,34,0,
MATERIAL_DATA,指标,首屏跳失率  ,bounced_rate,打开页面后，无点击、滑动等任何行为就离开的访问量（包括未加载完成就退出)/页面访问量,,,,34,0,
MATERIAL_DATA,指标,3秒跳失数  ,lt_3s_bounced_count,在落地页上停留时间小于3秒的页面访问量,,,,34,0,
MATERIAL_DATA,指标,3秒跳失率,lt_3s_bounced_rate,3秒跳失率 = 在落地页上停留时间小于3秒的页面访问量/页面访问量,,,,34,0,
MATERIAL_DATA,指标,3秒停留数  ,ge_3s_stay_count,在落地页上停留时间大于等于3秒的页面访问量,,,,34,0,
MATERIAL_DATA,指标,3秒停留率,ge_3s_stay_rate,3秒停留率 = 在落地页上停留时间大于等于3秒的页面访问量/页面访问量,,,,34,0,
MATERIAL_DATA,指标,停留转化率,ge_3s_stay_cvr,停留转化率 = 转化数/ 3秒停留数,,,,34,0,
MATERIAL_DATA,指标,平均阅读比例,avg_scroll_ratio,平均阅读比例=用户阅读平均页面长度/页面总长度,,,,34,0,
MATERIAL_DATA,指标,平均滑动次数,avg_scroll_count,用户滑动页面的平均次数,,,,34,0,
MATERIAL_DATA,指标,平均停留时长  ,avg_stay_duration,用户从打开页面到离开页面的平均停留时间,,,,34,0,
MATERIAL_DATA,指标,附加创意电话按钮点击,click_call_cnt,用户查看创意的附加创意后，点击电话拨打按钮的次数,,,,10,0,
MATERIAL_DATA,指标,附加创意在线咨询点击,click_counsel,用户查看创意的附加创意后，点击在线咨询的次数,,,,10,0,
MATERIAL_DATA,指标,附加创意表单按钮点击,form_click_button,用户查看创意的附加创意后，点击表单提交按钮的次数,,,,10,0,
MATERIAL_DATA,指标,附加创意卡券领取,coupon_addition,用户查看创意的附加创意后，领取卡券的次数,,,,10,0,
MATERIAL_DATA,指标,新增A3(问询)数,a3_ask_count,A3为巨量云图0-5A关系资产中的「问询」人群，为品牌人群资产中最有潜力发生后续转化的种草人群。本指标采用「实时触点归因」，将新增A3人群归因到最后一个触达的单元，按照单元粒度聚合统计。,,,,25,0,
MATERIAL_DATA,指标,新增A3(问询)成本,a3_ask_cost,计算方式：消耗 / 新增A3(问询)数，即获取单个A3用户所花费的成本,,,,25,0,
MATERIAL_DATA,指标,锚点关联消耗,anchor_stat_cost,原生营销展示锚点时的消耗,,,,34,0,
MATERIAL_DATA,指标,锚点入口展示数,anchor_entrance_show,该锚点入口展示的次数,,,,34,0,
MATERIAL_DATA,指标,锚点入口点击数,anchor_entrance_click,该锚点入口被用户点击的次数,,,,34,0,
MATERIAL_DATA,指标,锚点入口点击率,anchor_entrance_ctr,锚点入口点击率 = 锚点入口点击数/锚点入口展示数,,,,34,0,
MATERIAL_DATA,指标,锚点落地页展示数,anchor_page_show_count,锚点落地页展示的次数，咨询锚点不支持查看该指标,,,,34,0,
MATERIAL_DATA,指标,锚点转化数,anchor_convert_cnt,原生营销展示锚点时带来的转化数,,,,34,0,
MATERIAL_DATA,指标,锚点落地页转化率,anchor_page_conversion_rate,锚点落地页转化率 = 锚点转化数/锚点落地页展示数。咨询锚点不支持查看该指标,,,,34,0,
MATERIAL_DATA,指标,锚点落地页转化按钮点击数,anchor_page_button_click_count,用户进入锚点落地页后，点击锚点落地页的转化按钮的次数,,,,34,0,
MATERIAL_DATA,指标,ios端下载按钮点击数,anchor_open_appstore_count,使用ios系统的用户在原生锚点页面点击下载按钮的次数,,,,34,0,
MATERIAL_DATA,指标,锚点落地页5秒停留率,anchor_page_stay_5s_rate,进入锚点落地页后，在页面停留时间超过5秒的锚点落地页展示数/锚点落地页展示数。咨询锚点不支持查看该指标,,,,34,0,
ONE_KEY_BOOST_DATA,维度,时间-小时,stat_time_hour,细分到每个小时的数据,否,是,,0,0,
ONE_KEY_BOOST_DATA,维度,一键起量版本,onekey_version,标志起量方案的版本,是,是,,0,0,
ONE_KEY_BOOST_DATA,维度,一键起量标志,is_boost,标志对应指标增量由“一键起量”带来,是,是,,0,0,
ONE_KEY_BOOST_DATA,维度,单元ID,cdp_promotion_id,单元ID,是,是,,0,0,
ONE_KEY_BOOST_DATA,指标,消耗(元),stat_cost,表示单元在投放期内的预估花费金额。当天数据可能会有波动，次日稳定,,,,0,0,
ONE_KEY_BOOST_DATA,指标,展示数,show_cnt,单元展示给用户的次数。计算方式：经平台判定有效且被计费的展示次数。,,,,0,0,
ONE_KEY_BOOST_DATA,指标,点击数,click_cnt,当用户点击单元素材时，触发点击事件，该事件被认为是一次有效的单元点击。,,,,0,0,
ONE_KEY_BOOST_DATA,指标,转化数,convert_cnt,按转化事件发生时间统计的转化数。建议客户考核成本时参考“转化数据(计费时间)”，例如您的单元在早上8点进行了展示和点击，用户晚上19点发生了激活行为，我们会把激活数披露在晚上19点。在线索行业中， 表单提交、私信留资、留资咨询、智能电话-确认拨打所对应的事件都会计入单元转化数。,,,,0,0,
ONE_KEY_BOOST_DATA,指标,转化数(计费时间),attribution_convert_cnt,在转化行为发生（或回传）之后，将转化行为回记到过去30天内的扣费（消耗产生）时间上。 例如：单元在8月20日展示给用户，此时单元花费10元，用户点击单元后于8月23日产生1笔购买，则8月23日这笔购买将会展示在8月20日，8月23日没有转化数。,,,,0,0,
ONE_KEY_BOOST_DATA,指标,深度转化数(计费时间),attribution_deep_convert_cnt,在转化行为发生（或回传）之后，将转化行为回记到过去30天内的扣费（消耗产生）时间上。 例如：单元在8月20日展示给用户，此时单元花费10元，用户点击单元后于8月23日产生1笔购买，则8月23日这笔购买将会展示在8月20日。,,,,0,0,
ONE_KEY_BOOST_DATA,指标,计费当日付费金额,attribution_billing_game_in_app_ltv_1day,所选时间范围内计费对应的用户，计费当日在APP内的付费金额总和。,,,,0,0,
ONE_KEY_BOOST_DATA,指标,引流电商订单GMV,in_app_order_gmv,当您使用“in_app_order”事件回传订单金额时，对应的GMV金额,,,,0,0,
PRODUCT_DATA,维度,时间-天,stat_time_day,细分到自然天的数据,否,是,,0,0,
PRODUCT_DATA,维度,时间-周,stat_time_week,细分到自然周的数据，周一到周日为一整周,否,是,,0,0,
PRODUCT_DATA,维度,时间-月,stat_time_month,细分到自然月的数据，例如2022-3，表示是3月1日到3月31日,否,是,,0,0,
PRODUCT_DATA,维度,项目ID,cdp_project_id,项目ID,是,是,,0,0,
PRODUCT_DATA,维度,营销目的,landing_type,营销目的,是,是,17,0,0,
PRODUCT_DATA,维度,投放类别,delivery_related_num,投放类别,是,是,3,0,0,
PRODUCT_DATA,维度,项目类型,campaign_type,对应项目的类型,是,是,3,0,0,
PRODUCT_DATA,维度,单元ID,cdp_promotion_id,单元ID,是,是,,0,0,
PRODUCT_DATA,维度,首选位置,app_code,您所投放的单元数据中，对应的首选投放版位,是,是,11,0,0,
PRODUCT_DATA,维度,产品ID,product_id,产品ID,是,是,,0,0,
PRODUCT_DATA,维度,产品名称,ad_platform_product_name,产品名称,否,否,,0,0,
PRODUCT_DATA,维度,产品库ID,product_platform_id,产品库ID,是,是,,0,0,
PRODUCT_DATA,维度,产品库名称,ad_platform_product_platform_name,产品库名称,否,否,,0,0,
PRODUCT_DATA,维度,产品一级分类,ad_platform_product_first_category_name,产品一级分类,否,否,,0,0,
PRODUCT_DATA,维度,产品二级分类,ad_platform_product_sub_category_name,产品二级分类,否,否,,0,0,
PRODUCT_DATA,维度,产品三级分类,ad_platform_product_third_category_name,产品三级分类,否,否,,0,0,
PRODUCT_DATA,指标,消耗(元),stat_cost,表示单元在投放期内的预估花费金额。当天数据可能会有波动，次日稳定,,,,0,0,
PRODUCT_DATA,指标,展示数,show_cnt,单元展示给用户的次数。计算方式：经平台判定有效且被计费的展示次数。,,,,0,0,
PRODUCT_DATA,指标,平均千次展现费用(元),cpm_platform,单元平均每一千次展现所付出的费用，计算公式是：总消耗/展示数*1000。,,,,0,0,
PRODUCT_DATA,指标,点击数,click_cnt,当用户点击单元素材时，触发点击事件，该事件被认为是一次有效的单元点击。,,,,0,0,
PRODUCT_DATA,指标,点击率,ctr,单元被点击的次数占展示次数的百分比。计算方法：点击数/展示数*100%,,,,0,0,
PRODUCT_DATA,指标,平均点击单价(元),cpc_platform,计算公式是：总消耗/点击数。,,,,0,0,
PRODUCT_DATA,指标,转化数,convert_cnt,按转化事件发生时间统计的转化数。建议客户考核成本时参考“转化数据(计费时间)”，例如您的单元在早上8点进行了展示和点击，用户晚上19点发生了激活行为，我们会把激活数披露在晚上19点。在线索行业中， 表单提交、私信留资、留资咨询、智能电话-确认拨打所对应的事件都会计入单元转化数。,,,,0,0,
PRODUCT_DATA,指标,平均转化成本,conversion_cost,计算方式：总消耗/转化数。当天数据可能会有波动。,,,,0,0,
PRODUCT_DATA,指标,转化率,conversion_rate,单元被用户转化的次数占点击次数的百分比。计算方式：转化数/点击数*100%,,,,0,0,
PRODUCT_DATA,指标,深度转化数,deep_convert_cnt,将深度转化数记录在转化事件发生的时间上。建议客户考核深度转化成本时参考“深度转化数（计费时间）”例如您投放的内容在早上8点进行了展示和点击，用户晚上19点发生了激活行为，我们会把激活数披露在晚上19点。,,,,0,0,
PRODUCT_DATA,指标,深度转化成本,deep_convert_cost,计算方法：总消耗/深度转化数。当天数据可能会有波动，次日早8点后稳定。,,,,0,0,
PRODUCT_DATA,指标,深度转化率,deep_convert_rate,单元被用户进行深度转化的次数占转化次数的百分比。计算方式：深度转化数/转化数*100%,,,,0,0,
QUERY_DATA,维度,时间-天,stat_time_day,细分到自然天的数据,否,是,,0,0,
QUERY_DATA,维度,时间-周,stat_time_week,细分到自然周的数据，周一到周日为一整周,否,是,,0,0,
QUERY_DATA,维度,时间-月,stat_time_month,细分到自然月的数据，例如2022-3，表示是3月1日到3月31日,否,是,,0,0,
QUERY_DATA,维度,项目ID,cdp_project_id,项目ID,是,是,,0,0,
QUERY_DATA,维度,项目名称,cdp_project_name,项目的名称,是,否,,0,0,
QUERY_DATA,维度,项目类型,campaign_type,对应项目的类型,是,是,3,0,0,
QUERY_DATA,维度,营销目的,landing_type,营销目的,是,是,17,0,0,
QUERY_DATA,维度,转化目标,external_action,对应项目的转化目标,是,是,158,0,0,
QUERY_DATA,维度,深度转化目标,deep_external_action,对应项目的深度转化目标,是,是,41,0,0,
QUERY_DATA,维度,投放模式,delivery_mode,投放模式,是,是,3,0,0,
QUERY_DATA,维度,单元ID,cdp_promotion_id,单元ID,是,是,,0,0,
QUERY_DATA,维度,单元名称,cdp_promotion_name,对应单元的名称,是,否,,0,0,
QUERY_DATA,维度,搜索词,query,搜索词,是,否,,0,0,
QUERY_DATA,维度,搜索触发方式,real_recall_match_type,搜索触发方式,是,否,3,0,0,
QUERY_DATA,维度,关键词,ad_platform_bidword,关键词,是,否,,0,0,
QUERY_DATA,维度,关键词ID,bidword_id,关键词ID。特殊说明：0表示未知关键词，-2表示智选流量。,是,是,,0,0,
QUERY_DATA,指标,消耗(元),stat_cost,表示单元在投放期内的预估花费金额。当天数据可能会有波动，次日稳定,,,,0,0,
QUERY_DATA,指标,展示数,show_cnt,单元展示给用户的次数。计算方式：经平台判定有效且被计费的展示次数。,,,,0,0,
QUERY_DATA,指标,平均千次展现费用(元),cpm_platform,单元平均每一千次展现所付出的费用，计算公式是：总消耗/展示数*1000。,,,,0,0,
QUERY_DATA,指标,点击数,click_cnt,当用户点击单元素材时，触发点击事件，该事件被认为是一次有效的单元点击。,,,,0,0,
QUERY_DATA,指标,点击率,ctr,单元被点击的次数占展示次数的百分比。计算方法：点击数/展示数*100%,,,,0,0,
QUERY_DATA,指标,平均点击单价(元),cpc_platform,计算公式是：总消耗/点击数。,,,,0,0,
QUERY_DATA,指标,首位消耗,search_first_position_stat_cost,单元投出在搜索结果页第一位的消耗,,,,0,0,
QUERY_DATA,指标,转化数,convert_cnt,按转化事件发生时间统计的转化数。建议客户考核成本时参考“转化数据(计费时间)”，例如您的单元在早上8点进行了展示和点击，用户晚上19点发生了激活行为，我们会把激活数披露在晚上19点。在线索行业中， 表单提交、私信留资、留资咨询、智能电话-确认拨打所对应的事件都会计入单元转化数。,,,,0,0,
QUERY_DATA,指标,平均转化成本,conversion_cost,计算方式：总消耗/转化数。当天数据可能会有波动。,,,,0,0,
QUERY_DATA,指标,转化率,conversion_rate,单元被用户转化的次数占点击次数的百分比。计算方式：转化数/点击数*100%,,,,0,0,
QUERY_DATA,指标,激活数,active,如果您对接了API，激活数是您认可且回传成功的的激活数。如果您对接了SDK，则激活数是指用户下载您的APP后打开的次数。,,,,0,0,
QUERY_DATA,指标,表单提交,form,用户在门店落地页多线沟通提交表单的次数,,,,0,0,
QUERY_DATA,指标,小程序/小游戏当日LTV,attribution_micro_game_0d_ltv,所选时间范围内的激活用户在激活当日的变现金额,,,,0,0,
QUERY_DATA,指标,小程序/小游戏激活后三日LTV,attribution_micro_game_3d_ltv,所选时间范围内的激活用户在激活后三日内的变现金额,,,,0,0,
QUERY_DATA,指标,小程序/小游戏激活后七日LTV,attribution_micro_game_7d_ltv,所选时间范围内的激活用户在激活后七日内的变现金额,,,,0,0,
QUERY_DATA,指标,小程序/小游戏当日变现ROI,attribution_micro_game_0d_roi,所选时间范围内的激活用户在激活当日的变现ROI，计算公式是：当日LTV / 所选时间的消耗,,,,0,0,
QUERY_DATA,指标,小程序/小游戏激活后三日变现ROI,attribution_micro_game_3d_roi,所选时间范围内的激活用户在激活后三日内的变现ROI，计算公式是：三日LTV / 所选时间的消耗,,,,0,0,
QUERY_DATA,指标,小程序/小游戏激活后七日变现ROI,attribution_micro_game_7d_roi,所选时间范围内的激活用户在激活后七日内的变现ROI，计算公式是：七日LTV / 所选时间的消耗,,,,0,0,
QUERY_DATA,指标,当日付费金额,attribution_game_in_app_ltv_1day,所选时间范围内的激活用户，激活当日在APP内的付费金额。,,,,0,0,
QUERY_DATA,指标,激活后一日付费金额,attribution_game_in_app_ltv_2days,所选时间范围内的激活用户，激活后一天内在APP内的付费金额总和。该指标隔日产出，并做了模糊化处理。,,,,0,0,
QUERY_DATA,指标,激活后二日付费金额,attribution_game_in_app_ltv_3days,所选时间范围内的激活用户，激活后二天内在APP内的付费金额总和。该指标隔日产出，并做了模糊化处理。,,,,0,0,
QUERY_DATA,指标,激活后三日付费金额,attribution_game_in_app_ltv_4days,所选时间范围内的激活用户，激活后三天内在APP内的付费金额总和。该指标隔日产出，并做了模糊化处理。,,,,0,0,
QUERY_DATA,指标,激活后四日付费金额,attribution_game_in_app_ltv_5days,所选时间范围内的激活用户，激活后四天内在APP内的付费金额总和。该指标隔日产出，并做了模糊化处理。,,,,0,0,
QUERY_DATA,指标,激活后五日付费金额,attribution_game_in_app_ltv_6days,所选时间范围内的激活用户，激活后五天内在APP内的付费金额总和。,,,,0,0,
QUERY_DATA,指标,激活后六日付费金额,attribution_game_in_app_ltv_7days,所选时间范围内的激活用户，激活后六天内在APP内的付费金额总和。该指标隔日产出，并做了模糊化处理。,,,,0,0,
QUERY_DATA,指标,激活后七日付费金额,attribution_game_in_app_ltv_8days,所选时间范围内的激活用户，激活后七天内在APP内的付费金额总和。该指标隔日产出，并做了模糊化处理。,,,,0,0,
QUERY_DATA,指标,当日付费ROI,attribution_game_in_app_roi_1day,所选时间范围内的激活用户在激活当日的付费ROI，计算公式是：当日付费金额/所选时间的消耗。,,,,0,0,
QUERY_DATA,指标,激活后一日付费ROI,attribution_game_in_app_roi_2days,所选时间范围内的激活用户在激活后一日内的所有付费ROI，计算公式是：激活后一日付费金额/所选时间的消耗。该指标隔日产出，并做了模糊化处理。,,,,0,0,
QUERY_DATA,指标,激活后二日付费ROI,attribution_game_in_app_roi_3days,所选时间范围内的激活用户在激活后二日内的所有付费ROI，计算公式是：激活后二日付费金额/所选时间的消耗。,,,,0,0,
QUERY_DATA,指标,激活后三日付费ROI,attribution_game_in_app_roi_4days,所选时间范围内的激活用户在激活后三日内的所有付费ROI，计算公式是：激活后三日付费金额/所选时间的消耗。,,,,0,0,
QUERY_DATA,指标,激活后四日付费ROI,attribution_game_in_app_roi_5days,所选时间范围内的激活用户在激活后四日内的所有付费ROI，计算公式是：激活后四日付费金额/所选时间的消耗。,,,,0,0,
QUERY_DATA,指标,激活后五日付费ROI,attribution_game_in_app_roi_6days,所选时间范围内的激活用户在激活后五日内的所有付费ROI，计算公式是：激活后五日付费金额/所选时间的消耗。,,,,0,0,
QUERY_DATA,指标,激活后六日付费ROI,attribution_game_in_app_roi_7days,所选时间范围内的激活用户在激活后六日内的所有付费ROI，计算公式是：激活后六日付费金额/所选时间的消耗。,,,,0,0,
QUERY_DATA,指标,激活后七日付费ROI,attribution_game_in_app_roi_8days,所选时间范围内的激活用户在激活后七日内的整体付费ROI，计算公式是：激活后七日付费金额/所选时间的消耗。,,,,0,0,
QUERY_DATA,指标,计费当日激活且首次付费数,attribution_day_active_pay_count,单元计费当日激活且首次付费的次数,,,,0,0,
QUERY_DATA,指标,计费当日激活且首次付费成本,attribution_day_active_pay_cost,消耗/计费当日激活且首次付费数,,,,0,0,
QUERY_DATA,指标,计费当日激活且首次付费率,attribution_day_active_pay_rate,计费当日激活且首次付费数/激活数,,,,0,0,
QUERY_DATA,指标,激活当日首次付费数,active_pay_intra_day_count,当日发生激活且首次付费的次数,,,,0,0,
QUERY_DATA,指标,激活当日首次付费成本,active_pay_intra_day_cost,消耗/激活当日首次付费数,,,,0,0,
QUERY_DATA,指标,激活当日首次付费率,active_pay_intra_day_rate,激活当日首次付费数/激活数,,,,0,0,
QUERY_DATA,指标,激活后24h首次付费数,attribution_active_pay_intra_one_day_count,激活事件发生后24小时首次付费数，归因到激活时间,,,,0,0,
QUERY_DATA,指标,激活后24h首次付费成本,attribution_active_pay_intra_one_day_cost,消耗/激活后24小时首次付费数,,,,0,0,
QUERY_DATA,指标,激活后24h首次付费率,attribution_active_pay_intra_one_day_rate,激活后24小时首次付费数/激活数,,,,0,0,
QUERY_DATA,指标,激活后24h付费金额,attribution_active_pay_intra_one_day_amount,激活24小时内app付费金额,,,,0,0,
QUERY_DATA,指标,激活后24h付费ROI,attribution_active_pay_intra_one_day_roi,激活24小时内的付费金额/消耗,,,,0,0,
QUERY_DATA,指标,激活后七日首次付费数,attribution_active_pay_7d_count,所选时间范围内的激活用户，激活后七天内的首次付费数，归因到激活时间。,,,,0,0,
QUERY_DATA,指标,激活后七日首次付费成本,attribution_active_pay_7d_cost,"所选时间范围内激活用户在激活后七天内产生首次付费的成本。 
激活后七日首次付费成本 = 所选时间内总消耗 / 所选时间内激活用户在激活后七天内的首次付费数",,,,0,0,
QUERY_DATA,指标,激活后七日首次付费率,attribution_active_pay_7d_rate,"所选时间范围内激活用户在激活后七天内产生首次付费的概率。 
激活后七日首次付费率 = 所选时间内激活用户在激活后七天内的首次付费数 / 所选时间内激活数",,,,0,0,
QUERY_DATA,指标,完件数,loan_completion,互联网金融-贷款行业中，用户成功提交贷款额度申请的行为,,,,0,0,
QUERY_DATA,指标,完件成本,loan_completion_cost,计算方式：总花费／完件数。当天数据可能会有波动，次日早8点后稳定。,,,,0,0,
QUERY_DATA,指标,完件率,loan_completion_rate,计算方式：完件数／注册数,,,,0,0,
QUERY_DATA,指标,授信数,loan_credit,互联网金融-贷款行业中，用户提交贷款额度申请后，客户审批通过，给予用户可贷款的额度,,,,0,0,
QUERY_DATA,指标,授信成本,loan_credit_cost,计算方式：总花费／授信数。当天数据可能会有波动，次日早8点后稳定。,,,,0,0,
QUERY_DATA,指标,授信率,loan_credit_rate,计算方式：授信数／完件数,,,,0,0,
QUERY_DATA,指标,预授信数,pre_loan_credit,互联网金融-贷款行业中，用户提交一部分个人信息后，客户初步审批通过，并引导用户进行更加详细的信息填写以完成最终授信,,,,0,0,
QUERY_DATA,指标,预授信成本,pre_loan_credit_cost,计算方式：总花费／预授信数。当天数据可能会有波动，次日早8点后稳定。,,,,0,0,
QUERY_DATA,指标,保险支付ROI,insurance_lt_roi,所选时间范围内的保险支付ROI，计算公式：保费金额*经验系数/消耗。该指标暂时只支持深度转化目标是保险ROI出价的计划。,,,,0,0,
QUERY_DATA,指标,放款数,loan,互联网金融-贷款行业中，用户的贷款申请通过审批并发放到用户,,,,0,0,
QUERY_DATA,指标,放款成本,loan_cost,计算方式：总花费/放款数。当天数据可能会有波动，次日早8点后稳定,,,,0,0,
QUERY_DATA,指标,放款率,loan_rate,计算方式：放款数/授信数,,,,0,0,
QUERY_DATA,指标,保险支付数,premium_payment_count,用户完成保险支付的总次数,,,,0,0,
QUERY_DATA,指标,保险支付成本,premium_payment_cost,总花费/保险支付总次数,,,,0,0,
QUERY_DATA,指标,银行卡信息填写完成数,bankcard_information_count,留下银行卡信息的用户人数,,,,0,0,
QUERY_DATA,指标,补充个人信息填写完成数,personal_information_count,完成个人信息补充的用户人数,,,,0,0,
QUERY_DATA,指标,用户活体认证信息上传完成数,certification_information_count,完成活体认证的用户人数,,,,0,0,
QUERY_DATA,指标,开户数,open_account_count,成功开户的用户人数,,,,0,0,
QUERY_DATA,指标,到课数,first_class_count,财商课体验课出席第一次课的用户人数,,,,0,0,
QUERY_DATA,指标,二次课到课数,second_class_count,财商课体验课出席第二次课的用户人数,,,,0,0,
QUERY_DATA,指标,微信取关数,unfollow_in_wechat_count,取消客户企业号和个人号关注的用户数（金融行业）,,,,0,0,
QUERY_DATA,指标,微信内付费数,in_wechat_pay_count,用户添加微信成功（金融行业）,,,,0,0,
QUERY_DATA,指标,企业微信用户首次消息数(计费时间),attribution_work_wechat_dialog_count,所选时间范围内的微信用户首次消息数之和。计费时间是指：在行为发生（或回传）后，将对应的行为回记到过去30天内的扣费（消耗产生）时间上。,,,,0,0,
QUERY_DATA,指标,次级授信数,low_loan_credit_count,低质量用户的授信,,,,0,0,
QUERY_DATA,指标,高价值授信数,high_loan_credit_count,高质量用户的授信,,,,0,0,
QUERY_DATA,指标,M2内退保数,withdraw_m2_count,在保险M2期内退保的用户数,,,,0,0,
QUERY_DATA,指标,播放量,total_play,播放时间大于0S的数量，在某些蜂窝网络环境下，需要您手动点击开始才会开始播放，因此有时播放数小于展示数。,,,,0,0,
QUERY_DATA,指标,3秒播放数,play_duration_3s,单元播放时间大于等于3秒的数量，如果视频总时长不足3秒，则记录播放完成的次数。,,,,0,0,
QUERY_DATA,指标,评论量,dy_comment,用户在评论区对单元创意输入评论并点击提交的次数，仅限有评论区的APP（西瓜目前没有评论区）,,,,0,0,
QUERY_DATA,指标,点赞数,dy_like,单元被用户点赞的数量,,,,0,0,
QUERY_DATA,指标,分享量,dy_share,用户把单元分享到其他社交媒体的次数，成功完成一次分享行为记一次分享数,,,,0,0,
VIDEO_DUARATION_DATA,维度,素材ID,material_id,素材的ID,是,是,,0,0,
VIDEO_DUARATION_DATA,维度,播放秒数,duration,视频播放到第几秒,否,是,,0,0,
VIDEO_DUARATION_DATA,指标,点击数,click_cnt,当用户点击单元素材时，触发点击事件，该事件被认为是一次有效的单元点击。,,,,0,0,
VIDEO_DUARATION_DATA,指标,点赞数,dy_like,单元被用户点赞的数量,,,,0,0,
VIDEO_DUARATION_DATA,指标,评论量,dy_comment,用户在评论区对单元创意输入评论并点击提交的次数，仅限有评论区的APP（西瓜目前没有评论区）,,,,0,0,
VIDEO_DUARATION_DATA,指标,粉丝量,dy_follow,单元被受众新增关注的数量，目前抖音、头条号外、微头条、抖音火山版可新增关注,,,,0,0,
VIDEO_DUARATION_DATA,指标,分享量,dy_share,用户把单元分享到其他社交媒体的次数，成功完成一次分享行为记一次分享数,,,,0,0,
VIDEO_DUARATION_DATA,指标,举报数,report_cnt,用户认为单元质量较差而点击举报的行为数量。,,,,0,0,
VIDEO_DUARATION_DATA,指标,用户流失数,user_lose_cnt,在某一时刻中断视频播放的用户数。但若视频中断是因为用户点击单元进入了落地页/抖音主页/直播间，则不记为流失数。,,,,0,0,
VIDEO_DUARATION_DATA,指标,不感兴趣数,dislike_cnt,用户点击对单元不感兴趣的反馈的行为数量。,,,,0,0,
